카페명|주소|영업시간|전화번호|대표사진주소
앤트러사이트 연희점|서울 서대문구 연희로 135|매일 09:00 ~ 22:00|02-332-7650|
더파이홀|서울 서대문구 연세로5나길 20 1층|영업시간 매일 11:00 ~ 23:00|02-334-1181|
콘하스 연희점|서울 서대문구 연희로27길 99|월~토 10:00 ~ 23:00|02-325-0792|
매뉴팩트커피 연희본점|서울 서대문구 연희로11길 29 2층|월~토 09:00 ~ 18:00|02-6406-8777|
독수리다방|서울 서대문구 연세로 36 독수리빌딩 8층|영업시간 매일 11:00 ~ 24:00|02-363-1222|
스웨이커피스테이션|서울 서대문구 연희로11길 61|영업시간 매일 11:00 ~ 22:00|02-6348-0061|
그릭데이 이대점|서울 서대문구 신촌역로 22-8 1층|영업시간 매일 11:00 ~ 21:00|02-363-9222|
클로리스 신촌점|서울 서대문구 연세로4길 38|영업시간 월~토 11:00 ~ 23:00|02-392-7523|
벙커1|서울 서대문구 충정로 20|영업시간 매일 11:30 ~ 23:00|02-771-7707|
하이드미플리즈|서울 서대문구 통일로39나길 5 1층|영업시간 매일 11:00 ~ 22:00|02-394-2015|
롯지190|서울 서대문구 홍제천로 190 1층|월,화요일||
로덴드론|서울 서대문구 연희로25길 82|영업시간 매일 11:00 ~ 22:00|02-332-2288|
푸어링아웃|서울 서대문구 연희로11나길 7-7|매일 10:00 ~ 22:00||
금옥당 연희점|서울 서대문구 연희로11라길 2 1층|영업시간 매일 11:00 ~ 21:00|02-322-3378|
호밀밭|서울 서대문구 신촌역로 43 1층|월요일|02-392-5345|
미네르바|서울 서대문구 명물길 18 2층|월~토 10:30 ~ 21:30|02-3147-1327|
올레무스|서울 서대문구 연희로5길 58 1층|영업시간 월,금,토,일 12:00 ~ 19:00||
와플잇업 이대2호점|서울 서대문구 이화여대3길 42-19|영업시간 매일 12:00 ~ 22:00|070-4410-2829|
원앤온리커피|서울 서대문구 이화여대7길 31-4 1층|영업시간 월~토 11:00 ~ 21:00||
룸익스케이프 화이트점|서울 서대문구 명물길 66 2층|영업시간 월~금 13:25 ~ 23:00|02-393-5689|
프로토콜|서울 서대문구 연희로 109 2층|매일 10:30 ~ 22:00|010-3927-6159|
스타벅스 연희DT점|서울 서대문구 연희로 144|매일 07:00 ~ 22:00|1522-3232|
티앙팡 오후에 홍차 1호점|서울 서대문구 이화여대길 34 1,2층|영업시간 매일 12:00 ~ 23:00|02-364-4196|
에이투지카페|서울 서대문구 연세로4길 29|영업시간 매일 12:30 ~ 23:00|02-313-7523|
디폴트밸류|서울 서대문구 성산로 333|영업시간 매일 11:00 ~ 20:00|02-2293-3889|
베어스덴|서울 서대문구 연희로4길 10 1,2층|월요일|02-6449-0204|
레드버튼 신촌점|서울 서대문구 연세로 8 3층|영업시간 월~목 13:00 ~ 01:00|02-363-3799|
스타벅스 신촌점|서울 서대문구 연세로 10-1 즐거운빌딩 1~3층|월~수 07:00 ~ 21:00|1522-3232|
투썸플레이스 신촌점|서울 서대문구 신촌로 93 1층|매일 08:00 ~ 24:00|02-3142-5995|
보틀라운지|서울 서대문구 홍연길 26 1층|월요일|02-3144-0703|
스타벅스 이대R점|서울 서대문구 이화여대길 34|월~목 08:00 ~ 19:00|1522-3232|
연희커피|서울 서대문구 연희맛로 17-21|월요일||
스타벅스 홍제역점|서울 서대문구 통일로 451|매일 07:00 ~ 22:00|1522-3232|
스타벅스 가재울뉴타운점|서울 서대문구 가재울미래로 2 2단지 별동상가 1층|매일 07:00 ~ 22:00|1522-3232|
설빙 신촌점|서울 서대문구 연세로 23 2층|매일 10:30 ~ 23:00|070-7716-8970|
롤리홀리|서울 서대문구 통일로39길 43 1층|월,일요일|070-7773-2194|
소설원|서울 서대문구 통일로 419-1 1층|매일 09:30 ~ 22:00|0507-1384-0619|
시간이머무는홍차가게|서울 서대문구 연희로16길 7-15|영업시간 월,화,금,토,일 12:00 ~ 20:00|070-4843-3541|
스타벅스 북가좌DT점|서울 서대문구 응암로 85|매일 07:00 ~ 22:00|1522-3232|
로네펠트 서대문점|서울 서대문구 충정로 71-5 1층|월~금 10:00 ~ 23:00|02-313-1823|
벤치커피스튜디오|서울 서대문구 연세로2마길 14 2층|월,화요일|02-365-5999|
문베어|서울 서대문구 명물길 66 1층|영업시간 매일 11:00 ~ 22:00|02-393-9488|
맥널티커피팩토리|서울 서대문구 연희로 152 맥널티빌딩 1층|매일 07:00 ~ 22:00|02-332-0085|
스타벅스 연희동점|서울 서대문구 연희로 97|월~금 07:00 ~ 22:00|1522-3232|
스타벅스 신촌명물거리점|서울 서대문구 명물길 24 1~5층|월~목 09:30 ~ 21:00|1522-3232|
오월의이유|서울 서대문구 증가로10길 36-41 1층|영업시간 매일 11:00 ~ 22:00|070-8095-3641|
포티드|서울 서대문구 명물길 36-3 1층|영업시간 매일 11:30 ~ 22:30|070-7543-6627|
꽃피다이화다방|서울 서대문구 이화여대길 75|월~금 10:00 ~ 22:40||
고양이다락방|서울 서대문구 연세로 25-1 3층 1호|영업시간 매일 12:00 ~ 22:00||
페이퍼넛츠|서울 서대문구 거북골로24길 37-8 1층|월,화요일|02-6408-7799|
퐁신|서울 서대문구 거북골로 31-1 2층|매일 10:30 ~ 23:00||
아이덴티티커피랩|서울 서대문구 모래내로 390 1층|영업시간 월,화,목,금,토,일 11:00 ~ 19:30|010-3602-0540|
파파|서울 서대문구 연세로5길 28||02-322-6131|
노아스로스팅 헤리티지점|서울 서대문구 연희로 160 1층|매일 08:00 ~ 21:00|02-3141-6356|
커피빈 신촌점|서울 서대문구 연세로 8-1 지하 1층|월~금 07:30 ~ 22:00|02-363-5572|
카페페라 유니크점|서울 서대문구 이화여대길 52-45 2층~4층|월~토 08:30 ~ 22:30|02-313-6085|
스타벅스 연대동문점|서울 서대문구 성산로 565 연세재단 Y빌딩|월~금 07:00 ~ 19:00|1522-3232|
스타벅스 남가좌사거리점|서울 서대문구 거북골로 84 104동|매일 07:30 ~ 21:00|1522-3232|
스위스그랜드호텔 에이트리움|서울 서대문구 연희로 353 지하 로비층|매일 10:00 ~ 22:00|02-2287-8270|
카페 코지|서울 서대문구 이화여대길 88-19|월,토,일요일||
벨라프라하|서울 서대문구 이화여대길 77 1층|영업시간 월~토 11:00 ~ 22:00|02-363-3559|
커피크레페 본점|서울 서대문구 신촌로 87-8 1층|매일 09:00 ~ 21:00|02-323-3688|
옥루몽 신촌본점|서울 서대문구 연대동문길 18 LOFT 1층|월~금 08:00 ~ 22:00|02-312-0015|
투썸플레이스 가재울뉴타운점|서울 서대문구 수색로 100 DMC래미안이편한세상 401동 상가 1층|월,화,수,목,일 08:00 ~ 23:00|02-304-2338|
스타벅스 신촌역점|서울 서대문구 신촌로 73 1층|월~금 07:00 ~ 21:00|1522-3232|
카페에뚜왈 충정로점|서울 서대문구 충정로4길 28 1층|월~금 08:00 ~ 19:40|02-313-7604|
비하인드리메인|서울 서대문구 연희로11라길 10-6|영업시간 월~금 11:00 ~ 21:00||
메가MGC커피 신촌점|서울 서대문구 연세로5가길 8-6 1, 2층|월,화,수,목,일 08:00 ~ 23:00|02-336-6051|
방탈출ESC|서울 서대문구 명물길 32 준성빌딩 7층|영업시간 매일 11:00 ~ 23:00|02-313-2016|
휴|서울 서대문구 명물길 6 5층|영업시간 매일 11:00 ~ 05:00|02-364-9993|
더클루 신촌프리미엄점|서울 서대문구 명물길 62 오시리스타워 지하2층|매일 09:30 ~ 23:30|02-392-2225|
커피스미스 신촌연대점|서울 서대문구 연세로 22 2~4층|매일 08:00 ~ 22:30|02-2038-2526|
내사랑|서울 서대문구 이화여대2길 37|영업시간 매일 12:00 ~ 19:30||
바나프레소 신촌점|서울 서대문구 명물길 14 1~5층|매일 07:00 ~ 21:30|070-8998-8981|
멜로우문|서울 서대문구 명지대7길 13 1층|월,화요일|070-8623-2378|
스타벅스 연세종합관점|서울 서대문구 연세로 50-1|매일 07:00 ~ 22:00|1522-3232|
보다더카페|서울 서대문구 세검정로 57 2층|영업시간 매일 14:00 ~ 01:00|02-3216-8253|
벌툰 신촌직영점|서울 서대문구 연세로5가길 8-3 4층|매일 10:00 ~ 23:00||
카페카페|서울 서대문구 연세로12길 19 1층|영업시간 월~금 11:00 ~ 22:00|02-393-5935|
카시코이|서울 서대문구 성산로 253-4 금송빌딩 1층 101-1호|영업시간 월,화,수,목,토,일 11:00 ~ 19:00|070-4179-8127|
보연희|서울 서대문구 연희맛로 17-63 2층|영업시간 월,화,목,금,토,일 12:00 ~ 22:00|070-8230-6745|
낟더쌔임|서울 서대문구 서소문로 61 1층|월~금 08:00 ~ 21:00|02-393-1541|
나무카페|서울 서대문구 명물길 2|매일 00:00 ~ 24:00|02-392-1781|
커피빈 연대동문회관점|서울 서대문구 성산로 515 B동 1~2층|월~금 06:30 ~ 22:00|02-362-8301|
37.5 DMC가재울점|서울 서대문구 가재울미래로 17 8층|매일 09:00 ~ 20:30 · 브레이크타임 매일 16:00 ~ 17:00|02-304-3705|
논탄토 신촌점|서울 서대문구 신촌로 87-4 1층|영업시간 월,화,수,목,일 11:00 ~ 22:00|02-333-5661|
스타벅스 연세백양로점|서울 서대문구 연세로 50 지하1층|매일 09:00 ~ 19:00|1522-3232|
할리스 신촌점|서울 서대문구 연세로 34 1층|월~금 10:00 ~ 21:00|02-393-2004|
탈리|서울 서대문구 연세로5나길 30-6 1,2층|매일 09:00 ~ 23:00||
디저트39 북아현점|서울 서대문구 신촌로 261-1 1층|매일 10:00 ~ 22:00|02-6339-2900|
스타벅스 이대ECC점|서울 서대문구 이화여대길 52 이화여자대학교 B415호|월~금 08:00 ~ 19:00|1522-3232|
발루토 핀치|서울 서대문구 증가로10길 48|영업시간 매일 11:00 ~ 22:00|02-302-3880|
까페여름|서울 서대문구 가재울로6길 53-3 1층|영업시간 월~목 13:00 ~ 19:00|070-4107-9510|
스타벅스 충정타워점|서울 서대문구 서소문로 21 1층|월~금 07:00 ~ 20:00|1522-3232|
책다방 위숨|서울 서대문구 연세로9길 34-1 2,3층|영업시간 매일 11:30 ~ 23:00||
페잇퍼|서울 서대문구 연희로15안길 32-7 1층|영업시간 월,수,목,금,토,일 13:00 ~ 22:00||
스타벅스 아현역점|서울 서대문구 신촌로35길 10 e편한세상신촌4단지 상가 1층|월~금 07:30 ~ 21:00|1522-3232|
이디야커피 신촌역점|서울 서대문구 신촌로 87-20 2층|매일 08:00 ~ 24:00|02-3144-3914|
북카페파오|서울 서대문구 이화여대길 34 신흥빌딩 3층|영업시간 월~금 12:00 ~ 22:00|02-313-1130|
스타벅스 연대점|서울 서대문구 연세로 35 2~4층|월~목 08:00 ~ 20:00|1522-3232|
툰앤존 명지대점|서울 서대문구 명지대1길 2 3층||02-302-1008|
투썸플레이스 홍제삼거리점|서울 서대문구 통일로 397 상가동 1층 B403~B408호|매일 09:00 ~ 22:00|02-6952-8363|
라오샹하이|서울 서대문구 연세로12길 27 2층|매일 10:00 ~ 23:00|02-715-1542|
꼬망딸레부|서울 서대문구 불광천길 202 1층|월요일||
투썸플레이스 동교동삼거리점|서울 서대문구 신촌로 1 쓰리알유시티빌딩 상가1층|매일 08:30 ~ 23:00|02-336-4006|
증가로커피공방|서울 서대문구 명지대길 97 1층|영업시간 월~토 12:00 ~ 18:00|010-6334-6494|
에버라인 뮤직&카페|서울 서대문구 신촌역로 29|매일 10:00 ~ 20:00|02-392-5111|
스케네브라운|서울 서대문구 가좌로 67|월~토 09:00 ~ 21:00|02-302-4073|
탐앤탐스 신촌로터리점|서울 서대문구 신촌로 109 1,2층|매일 07:00 ~ 23:00|02-364-4565|
투썸플레이스 가재울엘가점|서울 서대문구 모래내로 151 101동 101호|매일 08:00 ~ 23:00|02-303-0602|
파스쿠찌 신촌연세대점|서울 서대문구 연세로 20|영업시간 매일 11:00 ~ 22:00|02-393-8004|
놀숲 신촌점|서울 서대문구 명물길 37 지하1층|매일 10:00 ~ 24:00|070-4145-6000|
산스|서울 서대문구 홍연4길 33 1층|월,화요일|02-3144-3111|
투썸플레이스 신촌기차역점|서울 서대문구 신촌역로 31 1층|매일 09:30 ~ 23:30|02-313-2388|
투썸플레이스 이대역점|서울 서대문구 이화여대길 7 2층|매일 09:00 ~ 23:20|02-312-8014|
래핑폭스|서울 서대문구 연희로11나길 5 1층|영업시간 매일 11:00 ~ 23:00|02-6401-2999|
아워온즈|서울 서대문구 연희맛로 45 지하1층, 1,2층|매일 10:00 ~ 22:00|02-333-3322|
세라젬웰카페 서울신촌직영점|서울 서대문구 신촌로 73 1층|영업시간 매일 11:00 ~ 20:00|02-6953-8325|
더니커피|서울 서대문구 연희로11길 41|월,수요일||
오디너리핏|서울 서대문구 연희로11가길 48-23 캐비넷클럽 3층|영업시간 매일 12:00 ~ 20:00||
브로큰템퍼 북가좌점|서울 서대문구 불광천길 170 1층||02-306-3250|
카페129-11|서울 서대문구 연희로11가길 20|영업시간 매일 11:00 ~ 22:30|02-3144-0437|
룸익스케이프 블랙점|서울 서대문구 연세로4길 6 3층|영업시간 월~금 13:30 ~ 22:30|02-363-5689|
할리스 서대문역점|서울 서대문구 통일로9안길 28 1층|월~금 08:00 ~ 23:00|02-313-0807|
빽다방 신촌역점|서울 서대문구 연세로2길 6 1층|매일 07:30 ~ 21:30|02-363-3284|
카페문|서울 서대문구 이화여대2가길 10|월~금 07:00 ~ 21:00|02-313-7304|
투썸플레이스 신촌연세로점|서울 서대문구 연세로 28||02-6959-0262|
스타벅스 충정로역점|서울 서대문구 충정로3가 470|월~금 07:00 ~ 20:00|1522-3232|
몰리스|서울 서대문구 연세로5다길 22-7 2층|월요일|02-6015-2442|
초콜릿책방|서울 서대문구 연희로5길 46-11 초콜릿책방|월~토 10:00 ~ 19:00|02-332-7573|
데스툴|서울 서대문구 연희로25길 98 2층|월요일||
커피가게동경 연희점|서울 서대문구 연희맛로 23 사러가쇼핑 1층 7호|둘째,넷째 월요일||
언플러그드 신촌점|서울 서대문구 연세로 13 현대백화점 유플렉스 11층|매일 10:30 ~ 22:00|02-3145-3082|
점프노리 가재울점|서울 서대문구 응암로 54 서부프라자빌딩 6층|매일 10:00 ~ 23:00|070-4647-2001|
할리스 신촌연세로점|서울 서대문구 연세로 5 1층|매일 10:30 ~ 23:00|02-322-3684|
미도파커피하우스|서울 서대문구 성산로 317 2층|영업시간 매일 11:00 ~ 22:00||
미스터힐링 신촌점|서울 서대문구 신촌로 119 신영스카이텔 지하1층|영업시간 매일 12:00 ~ 22:00|02-2138-1187|
행복감|서울 서대문구 연희로11가길 51 1층|영업시간 월~금 11:00 ~ 20:00|02-6052-5380|
메가MGC커피 연희점|서울 서대문구 연희로 98 1,2층|월~금 07:30 ~ 22:00|02-332-6771|
탐정크루|서울 서대문구 연세로 35 지하 1층|매일 10:30 ~ 23:00|0507-1417-3699|
빈스앤와플 북가좌점|서울 서대문구 증가로25길 22 1층 빈스앤와플|영업시간 매일 12:00 ~ 24:00|02-305-4458|
스타벅스 신촌아트레온점|서울 서대문구 신촌로 129 1,2층|월~금 07:00 ~ 21:00|1522-3232|
뚤리|서울 서대문구 홍제천로 198 1층|영업시간 월,화,목,금,토 12:00 ~ 19:00|02-6351-1510|
꼼데푸생|서울 서대문구 증가로4길 28 1층 101호|영업시간 월~금 11:00 ~ 22:30|02-6929-1215|
유원섬커피|서울 서대문구 연세로 42-24 2층|월요일||
커피107|서울 서대문구 북아현로 107|영업시간 매일 12:00 ~ 24:00|02-392-9111|
궤도연희|서울 서대문구 연희로8길 18 1,2층|영업시간 월~금 12:00 ~ 21:00|010-7546-2135|
컬러드빈|서울 서대문구 연희로11가길 8-8 1층|월~금 09:00 ~ 20:00|010-4515-4887|
스타벅스 경기대점|서울 서대문구 충정로 53 유원골든타워 102호|월~금 07:00 ~ 20:00|1522-3232|
파가니니|서울 서대문구 이화여대길 63|영업시간 매일 18:00 ~ 02:00|02-392-2908|
롱앤쇼트|서울 서대문구 홍제내2나길 46 1층|매일 10:00 ~ 18:30|070-8240-7770|
공차 신촌연세로점|서울 서대문구 연세로 27|영업시간 매일 11:30 ~ 22:30|02-3143-0404|
윈야드|서울 서대문구 연희로11다길 9|월,일요일|02-332-8929|
브라운체리|서울 서대문구 모래내로15길 58 1층|월,일요일|070-8114-0423|
산맥로스터리|서울 서대문구 증가로 213 동산타운빌딩 1,2층|월~토 10:00 ~ 23:00|02-303-4172|
애니브|서울 서대문구 연희로11가길 8-8 1층|영업시간 월,목,금,토,일 12:00 ~ 19:00||
시도플레이스|서울 서대문구 연희맛로 7-7 1,2층|월,화요일|070-4610-2888|
우드사이드커피|서울 서대문구 불광천길 274 1층 101호|영업시간 매일 12:00 ~ 20:00||
컴포즈커피 신촌연세대점|서울 서대문구 연세로 29-1 1층|매일 07:00 ~ 19:30|02-336-1955|
캐치카페 신촌|서울 서대문구 연세로 8-1 버티고타워 5층|영업시간 월~금 12:00 ~ 22:00|070-7760-7765|
이디야커피 서대문점|서울 서대문구 통일로 141 1층|매일 08:00 ~ 24:00|02-393-9266|
카페연희동|서울 서대문구 연희맛로 38 1층|매일 10:00 ~ 22:00|070-4007-9992|
여우사이|서울 서대문구 연세로5다길 5 2층|영업시간 월,화,수,목,일 11:00 ~ 23:00|02-325-1211|
카페곳|서울 서대문구 홍제내2나길 2 2층|월,화,수,금,토,일 10:00 ~ 22:00|070-4406-9090|
카페모래내1번지|서울 서대문구 수색로 43 가좌행복주택 복합커뮤니티센터 1층 105호|영업시간 매일 11:00 ~ 22:00|0507-1344-0890|
버블티킹|서울 서대문구 명물길 19 1층|영업시간 매일 11:00 ~ 22:00|02-364-2999|
데블다이스 보드게임카페 신촌점|서울 서대문구 연세로5가길 1 5층|영업시간 매일 12:00 ~ 00:00|0507-1357-0343|
엔타로커피|서울 서대문구 명물길 37 1층|영업시간 매일 12:00 ~ 22:00|02-3789-7179|
컨시어지커피|서울 서대문구 증가로 1 1층|둘째,넷째 월요일|02-332-5335|
이디야커피 신촌기차역점|서울 서대문구 신촌역로 35|월~금 10:00 ~ 22:00|02-313-3555|
헤일우드커피|서울 서대문구 통일로34길 7 1층|매일 09:00 ~ 22:00|010-2442-0570|
이디야커피 홍은사거리점|서울 서대문구 통일로 510 상가동 110호|매일 08:00 ~ 23:00|02-379-7577|
투썸플레이스 서대문홍은점|서울 서대문구 가좌로 143 1층|매일 08:00 ~ 22:00|02-303-4129|
카페겸|서울 서대문구 증가로 264 2층|매일 10:30 ~ 22:00|02-375-1400|
더블유피|서울 서대문구 연희로 89-11 1층|||
메가MGC커피 가좌역점|서울 서대문구 수색로 34 1층|매일 07:30 ~ 22:00|02-303-8002|
YH1커피|서울 서대문구 홍제천로6길 11 아인빌딩 1층|영업시간 월,수,목,금 11:00 ~ 21:00|010-3333-1238|
메가MGC커피 홍제역점|서울 서대문구 세무서길 6 1층|매일 08:00 ~ 23:00|02-723-6051|
피터캣|서울 서대문구 신촌로 21 2층|월요일|070-4106-3467|
카페아늑|서울 서대문구 이화여대7길 27 1층|영업시간 월~토 11:00 ~ 22:00||
쏠페스타|서울 서대문구 이화여대1길 10 1~3층|매일 10:00 ~ 21:00|02-6380-5500|
암흑카페|서울 서대문구 연세로5길 26 준빌딩 8층|영업시간 매일 11:30 ~ 23:00|02-3144-3760|
슈퍼어빈스|서울 서대문구 연희로 261-50||02-383-3883|
초코블로썸|서울 서대문구 명물길 50-4 지하1층|영업시간 매일 12:00 ~ 23:00||
쥬쥬펫|서울 서대문구 증가로 13-9 2층|월요일|02-6216-0028|
간식창고|서울 서대문구 세검정로1길 85|월~금 10:00 ~ 21:00|02-6925-1231|
이디야커피 연남동점|서울 서대문구 연희로 42 1층 102호|월~금 08:00 ~ 23:00|02-336-1901|
JMD.coffee|서울 서대문구 통일로17길 16|매일 10:00 ~ 22:00|02-363-0011|
할리스 이대점|서울 서대문구 이화여대길 59 엘큐브 3층|매일 10:10 ~ 22:30|02-392-1008|
모센즈 스위트 이대점|서울 서대문구 이화여대길 43 1층|영업시간 매일 12:00 ~ 22:00|0507-1334-7026|
그림라이브하우스|서울 서대문구 연희로 14 준영빌딩 지하 1층|월,일요일|02-336-7154|
낙랑파라 아현점|서울 서대문구 신촌로31길 20|월~금 09:30 ~ 22:00||
카페온더문|서울 서대문구 통일로39가길 35 1층|월~금 08:00 ~ 21:00|02-396-0718|
사주카페큐|서울 서대문구 이화여대7길 20-5 2층|||
크로플덕 오리아가씨 신촌점|서울 서대문구 신촌역로 33 다솔빌딩 지하1층|영업시간 월~금 10:40 ~ 02:00|010-8692-2497|
공드린|서울 서대문구 연희로 38-14|영업시간 매일 11:30 ~ 21:30||
티아레나|서울 서대문구 연희맛로 43-2 2층|월,화요일|010-5754-7576|
카페가가|서울 서대문구 간호대로 31||070-7527-9744|
히어로보드게임카페 신촌점|서울 서대문구 명물길 23 큐비드빌딩 3층|영업시간 월~금 13:00 ~ 24:00|02-6402-5700|
이디야커피 북가좌동점|서울 서대문구 증가로 257|월~금 07:30 ~ 21:00|02-376-1132|
마이시크릿메이트|서울 서대문구 연세로4길 47 1층|영업시간 매일 12:30 ~ 22:30|070-4062-2788|
이디야커피 연세대점|서울 서대문구 연세로12길 10|월~금 09:30 ~ 22:30|02-365-4623|
베러댄와플 이대점|서울 서대문구 이화여대7길 35 1층|영업시간 월~토 12:00 ~ 21:00|070-4032-0176|
제니스커피하우스|서울 서대문구 연희로11가길 30|매일 10:00 ~ 22:00|02-336-2635|
공차 이대점|서울 서대문구 신촌로 173-2|영업시간 매일 11:00 ~ 22:00|070-4230-7514|
보드게임카페홈즈앤루팡 신촌점|서울 서대문구 연세로 12 지하1층|영업시간 월~금 12:30 ~ 02:00|02-365-8282|
신촌브루스|서울 서대문구 신촌로 87-4 5층|영업시간 월~토 12:00 ~ 20:30|02-3144-2615|
공차 가재울점|서울 서대문구 가재울미래로 2 DMC파크뷰자이 별동상가동 1층 107-1,2호|매일 10:30 ~ 22:00|02-303-4911|
메가MGC커피 명지대점|서울 서대문구 증가로 150 디엠씨센트럴아이파크 상가동 B동 306호|매일 00:00 ~ 24:00|02-303-0910|
카페앤 신촌점|서울 서대문구 연세로4길 4 1층|매일 00:00 ~ 24:00 · 브레이크타임 매일 06:00 ~ 08:00||
놀숲 이대점|서울 서대문구 이화여대길 75 이화타워 6층|영업시간 월,수,목,금 13:00 ~ 21:00|02-365-9200|
카페쥬디|서울 서대문구 이화여대2길 10||070-4254-3296|
마이턴 보드게임카페|서울 서대문구 연세로5가길 8-6 3층||02-3141-7700|
디저트39 가재울뉴타운점|서울 서대문구 거북골로 100 상가동 1층 1호|월~토 09:00 ~ 23:00|02-304-3934|
디파트먼트이엔|서울 서대문구 연희로 48-22 1층|영업시간 월,화,금,토,일 11:00 ~ 00:00|02-6205-1017|
헤이진|서울 서대문구 연세로5나길 37 1층|영업시간 월,수,목,금,토,일 11:30 ~ 22:00|02-323-5574|
라우터커피|서울 서대문구 연희로11마길 12 1층 102호|월,화,목,금,토,일 08:00 ~ 20:00|070-4226-0815|
빽다방 연희삼거리점|서울 서대문구 연희로 118|월~금 08:30 ~ 21:30|02-2039-3454|
메가MGC커피 이대점|서울 서대문구 이화여대길 24 1층||02-313-0910|
하이파이|서울 서대문구 연희로11가길 39|월,화요일|02-335-1256|
이디야커피 동교동점|서울 서대문구 신촌로 5 1층|매일 09:00 ~ 22:00|02-335-6926|
공간커피|서울 서대문구 연희로25길 68 1층|영업시간 매일 11:00 ~ 21:00|02-6083-3101|
랙돌 고양이 카페 & 분양 디캣|서울 서대문구 연세로5나길 10 5층|영업시간 월~금 13:00 ~ 21:00|070-8899-9997|
히자우 커피바|서울 서대문구 세검정로4길 6 2층|영업시간 월,수,목,금,토,일 11:00 ~ 22:00|02-6732-2259|
더파니니|서울 서대문구 이화여대길 50-10|영업시간 월~금 11:00 ~ 19:00 · 브레이크타임 월~금 15:00 ~ 16:30|02-362-3567|
탐앤탐스 홍제역점|서울 서대문구 통일로 484|매일 07:00 ~ 01:00|02-396-4565|
라온아토|서울 서대문구 증가로6길 12-17 태양아트빌 1층 101호|월~토 10:00 ~ 02:00|010-4242-3108|
앵두네과자점|서울 서대문구 증가로10길 70-8 1층 101호|월,화,일요일|070-7576-3710|
메가MGC커피 창천점|서울 서대문구 신촌로 19 1층|매일 09:30 ~ 22:00|02-322-1009|
혹스턴|서울 서대문구 연희로 91 2층|영업시간 매일 11:30 ~ 21:30|010-6834-0442|
카페프루티|서울 서대문구 연세로12길 22 2층|월~금 10:00 ~ 22:00|070-5222-5102|
런드리즈|서울 서대문구 명지대길 29 1층|영업시간 매일 11:00 ~ 23:00|070-4109-2258|
플릭온커피|서울 서대문구 연세로4길 40 1층|영업시간 월~토 11:00 ~ 21:00|070-8230-8958|
연희문화살롱|서울 서대문구 연희로 89-12 1층|영업시간 월~토 15:00 ~ 01:00|02-2088-8685|
할리스 서울명지대점|서울 서대문구 거북골로 41-1 1,2층|월~토 08:00 ~ 22:00|02-304-1110|
비카인드 리와인드|서울 서대문구 북아현로 82 1층|영업시간 매일 11:00 ~ 21:00|010-8576-1328|
카페봄날|서울 서대문구 신촌로 39 1층 102호|영업시간 매일 11:00 ~ 20:00|070-4307-8858|
커피도가헤리티지|서울 서대문구 이화여대5길 9 파크제이드이화 1층 102호|영업시간 월~금 11:00 ~ 22:00|010-5130-8290|
더그커피바|서울 서대문구 세검정로 52-10 101호|월요일|010-5185-4758|
라스투어카페|서울 서대문구 증가로6길 31 1층|월~금 09:00 ~ 18:00|070-7645-5323|
꽃다방|서울 서대문구 충정로6안길 17-2|월~금 08:00 ~ 21:00|010-3220-5956|
이디야커피 이화여대점|서울 서대문구 이화여대길 26 이화빌딩 2,3층|월~금 08:00 ~ 23:30|02-312-1237|
설빙 서울명지대점|서울 서대문구 증가로 150 DMC아이파크상가 100동 B208호|영업시간 매일 11:00 ~ 22:00|02-6052-1033|
할리스 무악재역점|서울 서대문구 통일로 360 보하빌딩 1층|매일 08:00 ~ 22:00|02-6406-0046|
더벤티 신촌점|서울 서대문구 신촌로 125|월~금 07:00 ~ 15:40|02-364-8368|
아텐데르|서울 서대문구 연희로15안길 10|월~금 08:30 ~ 21:00|02-6326-1236|
이디야커피 명지대점|서울 서대문구 거북골로 35 2층|매일 08:00 ~ 24:00|02-305-3973|
바나프레소 이대점|서울 서대문구 이화여대길 33 1층|매일 07:00 ~ 21:00|070-8998-8950|
스타벅스 현대신촌점|서울 서대문구 신촌로 83 지하2층|매일 10:30 ~ 22:00||
어뮤즈그라운드|서울 서대문구 가재울로4길 67 1층|월요일|070-7532-8858|
파스쿠찌 서대문역점|서울 서대문구 충정로 60 KT&G빌딩 1층|월~금 07:00 ~ 21:00|02-6956-8497|
또바기|서울 서대문구 명지대길 108 1층|월,화,수,목,금,일 10:00 ~ 22:00||
비플러스|서울 서대문구 응암로 95 1층||02-304-3143|
브이알지카페|서울 서대문구 연세로5길 26 준빌딩 4층|영업시간 매일 12:00 ~ 23:00||
메가MGC커피 포방터시장점|서울 서대문구 홍은중앙로 101-1 1층|매일 08:00 ~ 22:00|02-391-0577|
메가MGC커피 북가좌점|서울 서대문구 응암로 108 1층|월~금 08:00 ~ 21:00|02-3152-3112|
빽다방 명지대점|서울 서대문구 거북골로 19|매일 10:00 ~ 22:00|02-302-4495|
페르마타|서울 서대문구 충정로6길 37|월~금 08:00 ~ 19:00||
파티오|서울 서대문구 연세로5다길 28|영업시간 매일 12:00 ~ 24:00|02-333-9467|
야트막|서울 서대문구 독립문로 29 1층|월요일|010-8364-1032|
이디야커피 서대문구청점|서울 서대문구 연희로 237 1층|월~금 08:00 ~ 22:00|02-322-1959|
앨리스|서울 서대문구 이화여대길 52-31 2층|월~토 10:00 ~ 22:00|02-392-8225|
아마스빈 이대점|서울 서대문구 이화여대7길 11 1층|월~금 09:00 ~ 22:30|02-393-1598|
넥스트에디션 신촌점|서울 서대문구 연세로12길 27 지하1층|||
룸익스케이프 인디고블루점|서울 서대문구 연세로5가길 21 지하|영업시간 월~금 13:00 ~ 23:00|010-8432-5687|
카페 바람|서울 서대문구 연세로2나길 57 3층|월,일요일|02-330-4394|
뉘블랑쉬|서울 서대문구 연희로15길 52 지층 B03호|월,목,금,토,일 09:00 ~ 18:30|02-3144-1525|
베네쉬커피|서울 서대문구 증가로32길 23-7|영업시간 매일 12:00 ~ 23:00|02-6015-8286|
꽃그리는아이 서대문점|서울 서대문구 모래내로 411 상가동 B101, B102, B103호|영업시간 월~금 11:00 ~ 17:00||
커피볶는김여사 본점|서울 서대문구 세검정로1길 107||02-394-9905|
프린세스다이어리|서울 서대문구 이화여대길 26||02-811-9644|
이디야커피 무악재역점|서울 서대문구 통일로 369|매일 08:30 ~ 23:00|02-736-9640|
사주랑타로랑|서울 서대문구 명물길 34 지하1층|||
위드방탈출카페|서울 서대문구 연세로 20 지하1층||02-312-8944|
선셋 블러바드|서울 서대문구 연세로 32 1~4층|매일 10:00 ~ 22:00|02-796-9771|
와플덴 이대정문점|서울 서대문구 이화여대길 58|월,수,목,금,토,일 10:00 ~ 22:00||
나무야|서울 서대문구 서소문로 43-22|월~금 10:00 ~ 23:00|02-365-9701|
캐틀앤비 연희점|서울 서대문구 연희로25길 95 1, 2층|||
잇마이케이크|서울 서대문구 신촌로29길 16 1층 1호|영업시간 매일 12:30 ~ 19:30|010-4827-0859|
메가MGC커피 명지전문대점|서울 서대문구 가좌로 146 태향빌딩 1층||02-373-7711|
디저트39 명지대점|서울 서대문구 명지대길 6|월~토 09:00 ~ 23:00|02-303-3919|
본솔커피 연희점|서울 서대문구 증가로 82 1층||02-323-1225|
모음|서울 서대문구 신촌역로 11|영업시간 매일 11:00 ~ 21:00||
마호가니 연세대학교점|서울 서대문구 연세로 50 제4공학관 1층|월~금 08:00 ~ 20:00|02-364-0330|
빈스빈스 이대점|서울 서대문구 이화여대길 43 2층|월~금 08:00 ~ 22:00|02-364-0924|
마스터키프라임 신촌퍼플릭|서울 서대문구 연세로7안길 20 지하1층|영업시간 월~금 12:00 ~ 22:00|02-336-1777|
아티젠|서울 서대문구 가재울로 6 1층|매일 10:00 ~ 22:00|070-4090-4448|
안다르커피|서울 서대문구 연세로9길 25 2층|매일 10:00 ~ 23:00|02-6015-7993|
하니앤손스|서울 서대문구 연희맛로 12 3~5층|매일 10:00 ~ 22:00|02-396-8555|
니도로스터리|서울 서대문구 연희로 190|영업시간 월~토 11:00 ~ 20:00||
카페포엠|서울 서대문구 연세로 25 2층|영업시간 월~토 13:00 ~ 22:30||
티케이프|서울 서대문구 연세로12길 8 1,2층|매일 10:30 ~ 22:30|0507-1308-3835|
엔제리너스 동신병원점|서울 서대문구 연희로 276 103호|매일 08:00 ~ 22:00|02-395-3774|
스타벅스 이대역점|서울 서대문구 신촌로 183|매일 07:00 ~ 22:00|1522-3232|
루터커피|서울 서대문구 독립문로 26 1층|월~금 08:30 ~ 18:30|02-6956-1905|
동네카페하하하|서울 서대문구 홍제내4길 6|||
블랙번즈|서울 서대문구 연세로7안길 42 2층|매일 10:00 ~ 23:00||
명동사주카페|서울 서대문구 이화여대길 64||02-365-3275|
스튜디오웝|서울 서대문구 성산로 539|월~금 10:00 ~ 20:00||
스플릿세컨드|서울 서대문구 성산로 372 1층|영업시간 월,화,금 11:00 ~ 19:00||
심두|서울 서대문구 홍연길 82 2층 202호|월,화요일||
카페 피에노|서울 서대문구 신촌로37길 16 2층|매일 10:00 ~ 22:00||
썸타로사주 타로카페썸|서울 서대문구 연세로7안길 2 3층||010-4946-8837|
이디야커피 홍제역점|서울 서대문구 통일로 431|매일 08:00 ~ 23:00|02-396-7799|
섬|서울 서대문구 성산로 553 동물빌딩 지하2층||02-363-7214|
메가MGC커피 가재울뉴타운점|서울 서대문구 가재울미래로 2 DMC파크뷰자이2단지아파트 별동상가 1층 106-1호|월~금 07:30 ~ 22:00|02-303-3112|
카페드에덴|서울 서대문구 포방터길 23 1층|월요일||
카페봄봄 이화여대점|서울 서대문구 이화여대길 7 1층|월~금 08:00 ~ 19:00|070-8881-1224|
피시스오브서울|서울 서대문구 연희로11가길 33-6 1층|영업시간 매일 13:00 ~ 19:00|010-2810-2959|
와이베를린|서울 서대문구 홍연길 67||02-335-3331|
카페드가좌|서울 서대문구 증가로10길 16-20 1층|월요일|010-3253-0699|
설빙 홍제역점|서울 서대문구 통일로37길 3 2층||02-6406-3236|
신촌로스팅라이브러리|서울 서대문구 연세로 13 현대백화점 유플렉스 12층|매일 10:30 ~ 22:00||
플라페|서울 서대문구 신촌로 177|월~금 08:00 ~ 21:00||
네마 북가좌점|서울 서대문구 거북골로 208-1|월~금 08:00 ~ 21:00|070-8287-0700|
수변테라스카페|서울 서대문구 홍은동 429|||
올드프렌드|서울 서대문구 연희로25길 37 2층|월~금 08:00 ~ 17:00|010-8324-0179|
협동플랫폼카페이웃|서울 서대문구 가좌로 77|영업시간 월~금 12:00 ~ 19:00|070-8118-0326|
메가MGC커피 신촌역점|서울 서대문구 신촌로 121 아남오피스텔 103호||02-365-6051|
드로윙커피하우스 이화여대2호점|서울 서대문구 이화여대8길 3 연화프라자 1층|월~금 07:00 ~ 24:00||
황카페|서울 서대문구 연희로 89-8 1층|월~토 10:00 ~ 21:00|02-336-4933|
탐앤탐스 서대문역점|서울 서대문구 통일로 135 충정빌딩 1층|월~금 08:00 ~ 23:00|02-393-7890|
바이트 앤 십|서울 서대문구 독립문로 65|매일 09:30 ~ 20:00|070-8691-4038|
빽다방 홍제삼거리점|서울 서대문구 통일로 426 1층|월~금 08:00 ~ 21:00|02-732-0410|
인&아웃커피|서울 서대문구 세검정로 51-1||02-379-1215|
국민우유집|서울 서대문구 증가로10길 49|매일 10:00 ~ 22:30||
컴포즈커피 서대문경찰서점|서울 서대문구 충정로6길 59 서소문아파트 1층 A-1호|월~금 07:00 ~ 19:00|070-7719-1185|
메가MGC커피 가재울북가좌초교점|서울 서대문구 거북골로 184 1층|월~금 08:00 ~ 22:00|02-303-9002|
스위트웨이|서울 서대문구 불광천길 190|영업시간 매일 12:00 ~ 19:00||
로우키 연희점|서울 서대문구 연희로11가길 42|||
스트렝스커피 서대문점|서울 서대문구 경기대로 59 1층|월~금 08:00 ~ 21:00|02-363-3519|
리버럴커피랩|서울 서대문구 연희로11라길 37-3||010-5877-5813|
R커피|서울 서대문구 경기대로 79 1층||070-4700-3721|
카페인중독 서대문점|서울 서대문구 세무서2길 42 1층|영업시간 매일 11:00 ~ 22:00|02-725-0030|
와프트커피|서울 서대문구 거북골로20길 43-22 마당빌라 1층 101호|영업시간 매일 11:00 ~ 21:00||
아마스빈 명지대점|서울 서대문구 거북골로 33 1층||02-322-1222|
콩|서울 서대문구 연세로4길 24||070-8251-8179|
메가MGC커피 홍제홍은벽산점|서울 서대문구 홍은중앙로 33 1층|월~금 08:00 ~ 22:00|02-379-3035|
갤러리 아미디 아현|서울 서대문구 신촌로29길 26|영업시간 월 12:00 ~ 18:00||
디베티|서울 서대문구 연세로7안길 47 엘케이빌딩 1층|월~금 10:00 ~ 18:00|02-517-5480|
청자다방 명지대점|서울 서대문구 명지대2길 11 1층|||
공차 연세암병원점|서울 서대문구 연세로 50-1 지하1층|매일 07:00 ~ 20:40|02-2227-8264|
서문|서울 서대문구 연희로10가길 2|매일 09:00 ~ 22:00||
다도레|서울 서대문구 증가로 13-9 3층|월,화요일|02-6407-0705|
모래네 극락|서울 서대문구 수색로4길 7 2층|월,화,일요일|010-9821-1432|
탐정크루 신촌2호점|서울 서대문구 명물길 19 지하1층|영업시간 매일 12:00 ~ 23:00|0507-1317-4291|
라이프커피 이대점|서울 서대문구 이화여대7길 14 1층|월~금 09:30 ~ 19:30||
카페낙타|서울 서대문구 경기대로 58|||
미미에토|서울 서대문구 연희로 153-4|영업시간 매일 11:30 ~ 22:00||
컴포즈커피 신촌자이엘라점|서울 서대문구 신촌로 149|매일 08:00 ~ 21:00|02-6085-1564|
컴포즈커피 명지대사거리점|서울 서대문구 증가로 150 DMC센트럴아이파크 상가동 1층 304호|매일 08:00 ~ 22:00|02-302-2277|
컴포즈커피 홍제역해링턴점|서울 서대문구 세무서8길 30 상가 근생 3호|월~금 08:00 ~ 21:30|070-4795-8225|
아로이커피 홍은벽산점|서울 서대문구 홍은중앙로 33-1 1층|매일 08:00 ~ 22:30|02-3417-0752|
카티지|서울 서대문구 가재울미래로 2 1층 102호|월~목 08:00 ~ 22:00||
랑데자뷰 신촌유플렉스점|서울 서대문구 연세로 13 2층|매일 10:30 ~ 22:00||
이디야커피 독립문통일로점|서울 서대문구 통일로 203-1 1층|월~금 09:00 ~ 23:30|02-365-1238|
원오브씨|서울 서대문구 신촌로3길 5|월~토 09:00 ~ 20:00||
플레인하우스|서울 서대문구 문화촌길 14 1층|영업시간 월,화,수,목,토,일 12:00 ~ 22:00||
같이,가치|서울 서대문구 증가로10길 36-8|||
디저트바 이브흐|서울 서대문구 신촌역로 22-5 박스퀘어 2층 45호|영업시간 월~금 11:00 ~ 19:00|0507-1418-2658|
카페당나귀|서울 서대문구 가재울로 16 1층|매일 10:30 ~ 21:30|02-6402-3800|
커스텀커피 DMC가재울점|서울 서대문구 가재울미래로 2 101동 상가 106-1호|월~금 09:00 ~ 19:00|070-8777-9735|
더벤티 북가좌점|서울 서대문구 응암로 79 문화빌딩 108호|월~금 08:00 ~ 22:00|02-307-0627|
컴포즈커피 포방터시장점|서울 서대문구 홍은중앙로 107 1층|매일 10:00 ~ 22:00|02-379-9666|
모두다가치카페|서울 서대문구 명지대길 50-7 1층|월~토 10:30 ~ 21:00|010-7419-5234|
소원나무|서울 서대문구 이화여대5길 18||02-6403-8459|
이디야커피 충정로3가점|서울 서대문구 경기대로 26-26|월~금 08:00 ~ 22:00||
챔스빈 신촌점|서울 서대문구 신촌로 87-12 1~3층|||
메가MGC커피 신촌로터리점|서울 서대문구 신촌로 75 1층 2호||02-332-8394|
달달한오후|서울 서대문구 불광천길 146 1층|||
팔공티 신촌점|서울 서대문구 연세로5길 32 2층|월,화,수,목,일 09:00 ~ 22:00|02-322-4546|
컴포즈커피 홍제삼거리점|서울 서대문구 통일로 414|매일 08:00 ~ 22:00|02-6958-9009|
컴포즈커피 북아현점|서울 서대문구 신촌로35길 10|||
레이지나인|서울 서대문구 연희로15길 5 JnJ하우스 1층|월요일|02-336-1789|
요거프레소 북아현점|서울 서대문구 북아현로 32-2 1층|매일 10:00 ~ 22:00|02-393-7342|
더벤티 가재울뉴타운점|서울 서대문구 거북골로 84 DMC에코자이상가 101동 102호|매일 08:00 ~ 22:00|02-302-0610|
하삼동커피 서울가재울점|서울 서대문구 거북골로 100 래미안루센티아상가 1층 11호|매일 06:00 ~ 23:00|02-374-8885|
카페제이미쉬|서울 서대문구 수색로 102 상가 2층 201호|월~토 08:30 ~ 21:00|02-304-7710|
선휴커피|서울 서대문구 거북골로 79 2층|월요일|02-6405-2106|
카페로이|서울 서대문구 연희로 241||02-338-7318|
아로이커피 가재울점|서울 서대문구 수색로6길 17-14||02-305-6665|
베가니끄|서울 서대문구 이화여대길 52-35 1층|영업시간 매일 12:30 ~ 21:30|0507-1325-8290|
수카페&쿠킹스튜디오|서울 서대문구 신촌로1길 7 1층||02-336-8779|
커피더맨 추계예대점|서울 서대문구 북아현로25길 10 1층|||
고스트요거트 이대점|서울 서대문구 이화여대길 52-15|영업시간 월~금 11:00 ~ 19:00|02-313-8468|
파스쿠찌 연세세브란스1호점|서울 서대문구 연세로 50-1 연세암센터 지하1층|월~금 07:00 ~ 23:00|02-2227-8276|
오트홀릭 수제그래놀라&비건디저트|서울 서대문구 가재울로4길 40 1층 101호|월,일요일|070-8883-0309|
카페세러데이즈|서울 서대문구 경기대로 68 1층|월~금 09:00 ~ 22:00||
룸익스케이프 올리브점|서울 서대문구 연세로9길 25 지하 1층||02-332-2478|
탐앤탐스 이대점|서울 서대문구 이화여대길 63 1층|월~토 07:30 ~ 23:20|02-313-1007|
마이헬싱키카페|서울 서대문구 신촌로 203|월~금 08:00 ~ 23:00||
카페 우소명|서울 서대문구 연희로10길 49 지층|매일 10:00 ~ 22:00|010-7223-2777|
이디야커피 가재울중앙점|서울 서대문구 가재울미래로 2 101동 105호||02-375-9909|
드로윙커피하우스|서울 서대문구 이화여대길 37 1층|월~금 09:00 ~ 24:00||
클라인빈|서울 서대문구 연세로4길 30|영업시간 매일 12:00 ~ 22:00||
돌파운드|서울 서대문구 증가로 1 1층|월,화요일|010-5904-1570|
파스쿠찌 연세우리라운지점|서울 서대문구 연세로 50-1|월~금 07:00 ~ 19:00|02-2227-8261|
방긋 디저트카페&공방|서울 서대문구 신촌로1길 14 1층|영업시간 매일 11:30 ~ 22:00|0507-1410-9897|
사일런트 플로우|서울 서대문구 통일로37길 46 1층|월~금 08:30 ~ 21:30|070-8844-5101|
씨유그릭|서울 서대문구 이화여대길 42 1층|월~금 08:30 ~ 20:30 · 브레이크타임 월~토 14:00 ~ 15:00||
퇼 커피|서울 서대문구 가재울로10길 25|||
이공커피 연희점|서울 서대문구 연희로 85 인사이드빌딩 1층 101호|||
더벤티 서대문역점|서울 서대문구 통일로 147 1층||02-393-0416|
쥬씨 신촌점|서울 서대문구 연세로 30 창천빌딩 1층|||
카페언더우드|서울 서대문구 연세로11길 14 지하 1층|영업시간 월~토 12:00 ~ 18:00||
이디야커피 가재울점|서울 서대문구 수색로 100|매일 09:00 ~ 23:00|02-302-5777|
팔공티 이화여대점|서울 서대문구 이화여대길 48|||
이디야커피 명지전문대점|서울 서대문구 가좌로 140|영업시간 월~금 11:00 ~ 22:00|02-373-1006|
카페누마루|서울 서대문구 연희로41길 4 2층||02-395-3456|
카페프리헷 독립문점|서울 서대문구 독립문로 19 1층|매일 00:00 ~ 24:00||
티맑은 명지대점|서울 서대문구 명지대2길 2||070-8262-5589|
카페수에르떼|서울 서대문구 세검정로3길 72-10 1층 101호|||
잠바주스 연세대학교점|서울 서대문구 연세로 50 지하1층|매일 09:00 ~ 18:00|02-364-5544|
꼬르소커피|서울 서대문구 충정로 73 1층|영업시간 월~금 11:00 ~ 14:00|070-7543-3985|
마룬|서울 서대문구 연희로26가길 14|||
카페위라이크|서울 서대문구 응암로 43 1층|월요일||
쉬즈베이글 이대점|서울 서대문구 이화여대3길 45 1층 101호|월~금 07:30 ~ 20:50|02-792-0425|
카페파우제|서울 서대문구 세무서1길 28||02-395-7100|
빽다방 빵연구소 연세대SK국제학사점|서울 서대문구 연세로 50 연세대SK국제학사 지하2층|월~금 08:00 ~ 18:00|02-393-2238|
할리스 서대문농협생명빌딩점|서울 서대문구 통일로 87 NH농협생명빌딩 동관 1층|월~금 07:30 ~ 20:30|02-364-7787|
카페라이더 상암점|서울 서대문구 수색로10길 24||070-8250-4869|
카페로뎀|서울 서대문구 연희로28길 3||02-6338-4272|
이디야커피 연희삼거리점|서울 서대문구 연희로 117|월~금 08:00 ~ 22:00|02-336-8899|
킬더유튜브|서울 서대문구 이화여대길 50-6 1층|영업시간 월~토 11:00 ~ 01:00|070-4112-2225|
스무디킹 서대문북아현점|서울 서대문구 북아현로 84 1층|||
쿠들리|서울 서대문구 세무서7길 8 1층|매일 10:00 ~ 21:00|010-9553-9221|
라온아토|서울 서대문구 포방터길 61|영업시간 매일 11:00 ~ 22:00|070-7543-7735|
사람정거장|서울 서대문구 북아현로 65-1 1층|영업시간 월~금 11:00 ~ 20:00||
프루타|서울 서대문구 신촌로 73 테라운드 1층|||
라플로르|서울 서대문구 봉원사2길 2||02-365-3418|
비긴커피|서울 서대문구 연희맛로 41 1층|매일 10:30 ~ 21:00||
모모커피|서울 서대문구 이화여대길 29|월~금 08:00 ~ 21:30||
지유명차 연희점|서울 서대문구 연희로15길 27 2층|월요일|02-6448-5634|
노스트리커피|서울 서대문구 충정로 70 1층|월~금 08:00 ~ 22:30|02-365-0033|
커피호|서울 서대문구 증가로20가길 91|월~금 09:00 ~ 22:00||
cafe 9길2|서울 서대문구 홍은중앙로9길 2 1층 103호|매일 09:00 ~ 22:00|02-6954-7857|
홍콩다방 충정로역점|서울 서대문구 충정로 13 삼창빌딩 지하1층|월~금 08:00 ~ 21:40|02-365-3001|
메가MGC커피 연세대공학원점|서울 서대문구 연세로 50 지하1층 B187 C호||02-393-1009|
카페 필름포럼|서울 서대문구 성산로 527 하늬솔빌딩 A동 지하1층||02-363-2537|
띵스체인지|서울 서대문구 경기대로 38|월~금 10:00 ~ 23:00|070-8683-6451|
공차 이대익스프레스점|서울 서대문구 이화여대길 48|월~금 10:00 ~ 20:00|070-4208-0933|
카페시크릿|서울 서대문구 신촌로 109 1층|월~금 08:30 ~ 21:00||
커피JO|서울 서대문구 수색로 56 성공타워 1층 101호|월~토 08:00 ~ 22:00|02-304-3025|
우드문|서울 서대문구 연세로11길 20 2층|영업시간 월~금 12:00 ~ 21:00|070-8648-3050|
레이지리자드|서울 서대문구 신촌로 141 위고인빌딩 9층|영업시간 월~토 17:00 ~ 24:00|02-393-9932|
이디야커피 연대서문점|서울 서대문구 연희로10길 86|월~금 08:00 ~ 22:00|02-6215-1535|
연희 에스프레소바|서울 서대문구 연희로11가길 36|월~금 08:30 ~ 17:00||
에브리코너바이트|서울 서대문구 포방터길 20 1층|월,목,금,토,일 08:00 ~ 17:00||
오름카페|서울 서대문구 연희로32길 134 1층|||
카페 올리 (CAFE OLLIE)|서울 서대문구 모래내로 364 1층|월~토 09:00 ~ 16:00|02-396-1378|
커피볶는김여사 3호점|서울 서대문구 포방터길 31|매일 08:00 ~ 22:00|02-379-5751|
154수다|서울 서대문구 세검정로1길 16 1층|월~토 10:00 ~ 20:00 · 브레이크타임 월~토 16:50 ~ 18:10|010-8257-9954|
아사르|서울 서대문구 불광천길 264 1층|영업시간 월~토 11:00 ~ 19:00|0507-1316-6173|
에스크투데이|서울 서대문구 연희로11가길 56 2층|영업시간 월,화,목,금,토,일 12:00 ~ 21:00||
카페239|서울 서대문구 증가로23가길 9 1층|월요일|010-4478-3050|
카페스페이스독|서울 서대문구 연희로8길 18|||
룩백커피|서울 서대문구 연희로11길 41 1층|월,수,목,금,토,일 09:00 ~ 18:00||
아멜리티하우스|서울 서대문구 연희로11마길 8|월요일||
에쏘하우스|서울 서대문구 연희로36길 10|월~금 08:00 ~ 17:00|070-4248-5850|
베네브라운|서울 서대문구 독립문로 38|월~금 09:30 ~ 21:00||
코피발리 연대점|서울 서대문구 봉원사길 8 1층|||
카페스케네 연희점|서울 서대문구 홍제천로 6||070-4116-4073|
이알커피 연희|서울 서대문구 홍연길 80|||
카페베네 연세의료원종합관점|서울 서대문구 연세로 50-1 연세의료원 종합관 장례식장 2층|매일 00:00 ~ 24:00||
카페마리|서울 서대문구 신촌로 293||02-312-3332|
보데이셔스|서울 서대문구 북아현로 105||02-312-3240|
쥬씨 이대점|서울 서대문구 이화여대길 42|||
셀렉토커피 남가좌점|서울 서대문구 증가로 132 1층|월~토 09:00 ~ 21:00|02-303-8771|
더블루스|서울 서대문구 신촌로11길 25-39||070-7719-7960|
아지트커피 연대서문점|서울 서대문구 연희로10길 83 1층|월~금 08:00 ~ 23:00|02-6405-5100|
어썸차드 신촌점|서울 서대문구 신촌로 127 지하2층|||
파우치커피 충정로점|서울 서대문구 충정로 30 충정아파트상가 1층|월~금 07:30 ~ 17:00|02-313-8572|
썸띵크 somethink|서울 서대문구 거북골로 37-4 2F|월~목 10:00 ~ 21:00|02-123-4567|
명다방|서울 서대문구 통일로 107-15||02-362-5458|
쥬씨 홍제점|서울 서대문구 통일로37길 16|||
삼층카페|서울 서대문구 명물길 10 3층|매일 10:00 ~ 23:00||
에쉬본|서울 서대문구 증가로2길 53 B02호|영업시간 월~토 12:00 ~ 18:00|02-3144-0741|
7236커피바|서울 서대문구 신촌로 57 3층|영업시간 월~금 13:00 ~ 21:00||
오몽듀|서울 서대문구 성산로18길 3 1층|월요일|010-4375-3311|
컴포즈커피 북가좌오거리점|서울 서대문구 응암로 89 1층||070-7778-5790|
런어웨이|서울 서대문구 홍제내4길 4-11 1층||010-4021-5293|
빽다방 가좌역점|서울 서대문구 수색로2길 39 DMC금호리첸시아 1층 106호|매일 08:00 ~ 21:00||
매머드익스프레스 충정로점|서울 서대문구 경기대로 26-22 1층|월~금 07:00 ~ 20:00||
알로하 토스트랑 커피랑|서울 서대문구 연희로 243|월~금 07:30 ~ 19:00|02-332-2566|
에스따떼 젤라또|서울 서대문구 북아현로1길 50 신촌푸르지오 상가 1동 105호|영업시간 월~금 14:00 ~ 22:00|070-7807-1602|
커피와대장장이|서울 서대문구 경기대로3길 23||070-4897-8131|
아재커피|서울 서대문구 통일로 111|||
다락방이야기|서울 서대문구 명지대2길 28|||
커피베이 증가점|서울 서대문구 증가로 262 1층|매일 09:00 ~ 23:00|02-303-0176|
커피사피엔스 DMC에코자이점|서울 서대문구 거북골로 84 B2 115호|매일 08:00 ~ 22:00|010-3924-1471|
홀리몰리(HolyMoly)|서울 서대문구 명물1길 16|||
단풍나무집|서울 서대문구 세검정로4길 152-24|||
슈퍼커피 충정로점|서울 서대문구 충정로 41||070-8843-0956|
오트뤼|서울 서대문구 연희로 89-8 1층|||
셀렉토커피 북한산두산위브점|서울 서대문구 홍은중앙로3길 9|매일 10:00 ~ 21:00|02-6406-1023|
커피팝|서울 서대문구 연희맛로 5|월~금 10:30 ~ 01:00||
쵸디|서울 서대문구 불광천길 162 1층||070-4799-4701|
메가샵크로플|서울 서대문구 증가로 35 1층|||
모그커피|서울 서대문구 연희맛로 31-10 1층|월,수,목,금,토,일 10:00 ~ 20:00||
쩐쭈나이차|서울 서대문구 거북골로 27|영업시간 월~토 11:30 ~ 21:00|02-302-4657|
