맛집명|주소|영업시간|전화번호|대표사진주소
어머니대성집|서울 동대문구 왕산로11길 4|월요일|02-923-1718|
나정순할매쭈꾸미|서울 동대문구 무학로 144|월~금 11:30 ~ 22:30 · 브레이크타임 월~토 14:30 ~ 17:00|02-928-0231|
육전식당 본점|서울 동대문구 난계로30길 16|매일 11:00 ~ 23:00 · 브레이크타임 매일 15:00 ~ 16:00|02-2253-6373|
혜성칼국수|서울 동대문구 왕산로 247-1|월요일|02-967-6918|
성천막국수|서울 동대문구 답십리로48나길 2 1층|영업시간 월~토 11:30 ~ 20:30 · 브레이크타임 월~금 15:00 ~ 17:00|02-2244-5529|
은하곱창|서울 동대문구 전농로15길 22|영업시간 월~금 11:00 ~ 21:30 · 브레이크타임 월~토 13:30 ~ 14:30|02-2247-0254|
일미간장게장 본점|서울 동대문구 장한로24길 7|매일 00:00 ~ 24:00|02-2242-4338|
영화장|서울 동대문구 휘경로 3-8|월요일|02-967-9595|
광주식당|서울 동대문구 경동시장로2길 49-4|월요일|02-969-4403|
킹수제만두|서울 동대문구 한빛로 3 1층|월요일|02-926-0288|
회기왕족발보쌈|서울 동대문구 회기로 158 1층|매일 11:30 ~ 01:00|02-966-4955|
할머니냉면|서울 동대문구 왕산로37길 51|영업시간 매일 10:00 ~ 21:30|02-963-5362|
놀부만두|서울 동대문구 망우로16길 15|영업시간 월,화,수,목,금,일 11:00 ~ 20:30|02-2241-7550|
원조홍릉각|서울 동대문구 약령시로 90|영업시간 월,수,목,금,토,일 11:30 ~ 15:00|02-969-7787|
장안정 본점|서울 동대문구 답십리로 291-3 1층|월요일|02-2246-6574|
홍능갈비집 본점|서울 동대문구 제기로 85|영업시간 매일 11:30 ~ 21:30|02-965-0420|
서울뼈구이매운족발|서울 동대문구 왕산로 274-1|둘째,넷째 월요일|02-965-5838|
오관스시|서울 동대문구 회기로 121 1층|영업시간 월~토 11:30 ~ 20:30 · 브레이크타임 월~토 13:30 ~ 17:30|070-8225-6369|
늘봄해물찜손칼국수 답십리본점|서울 동대문구 전농로 39|영업시간 매일 11:00 ~ 22:00|02-2215-5051|
육전식당 3호점|서울 동대문구 천호대로 38|매일 11:00 ~ 23:00 · 브레이크타임 매일 16:00 ~ 17:00|02-2234-6373|
먹깨비|서울 동대문구 장한로 92 화성빌딩 105~107호|매일 00:00 ~ 24:00|02-2249-2158|
여기가좋겠네|서울 동대문구 회기로21길 25|영업시간 매일 10:30 ~ 22:00|02-968-9112|
대한곱창 장안점|서울 동대문구 천호대로85길 21|매일 15:00 ~ 02:00|02-2214-5207|
멍군집|서울 동대문구 회기로 148-4 1층|월~금 16:00 ~ 00:00|010-3217-0190|
일번지정육식당 장한평점|서울 동대문구 장한로 18 1층|매일 11:00 ~ 23:00|02-2212-9926|
갈비명가이상 답십리점|서울 동대문구 천호대로 327|영업시간 매일 11:00 ~ 22:00|02-2243-8200|
마루샤브 용두직영점|서울 동대문구 왕산로 61 한일빌딩 1층|영업시간 매일 11:15 ~ 21:30|02-953-7443|
이모네왕파전|서울 동대문구 회기로28길 12-3|매일 00:00 ~ 24:00||
고황24시 뼈다귀해장국감자탕|서울 동대문구 경희대로1길 8-16|매일 00:00 ~ 24:00|02-966-5082|
허파식당|서울 동대문구 왕산로26가길 17|영업시간 매일 11:00 ~ 21:30|02-924-4119|
영동교집 장안직영점|서울 동대문구 천호대로83길 32 1층|매일 12:00 ~ 01:00|02-3394-5882|
베러댄|서울 동대문구 망우로 34 진성빌딩 1층|영업시간 월~금 08:40 ~ 22:00||
안동집|서울 동대문구 고산자로36길 3 경동시장 신관지하1층 8-2호|영업시간 매일 09:00 ~ 20:00|02-965-3948|
레알라면|서울 동대문구 회기로25길 23-5|영업시간 월,화,목,금,토,일 11:00 ~ 21:00 · 브레이크타임 월,화,목,금,토,일 15:00 ~ 17:00|0507-1311-4208|
송쉐프 장한평점|서울 동대문구 장한로2길 20 2~4층|영업시간 매일 11:00 ~ 21:00|02-2215-9999|
홍곱창 회기본점|서울 동대문구 회기로25길 60|월~토 14:00 ~ 23:00|02-3295-1187|
정대감감자탕 본점|서울 동대문구 천호대로83길 46|매일 00:00 ~ 24:00|02-2242-2533|
경동한우정육식당|서울 동대문구 고산자로 421|영업시간 매일 10:00 ~ 22:00|02-962-0962|
나정순할매쭈꾸미 2호점|서울 동대문구 약령시로 65|영업시간 월~토 11:00 ~ 22:00 · 브레이크타임 월~토 15:00 ~ 17:00||
본참치|서울 동대문구 장한로 77|월~토 16:00 ~ 03:00|02-3394-6664|
옥천옥|서울 동대문구 하정로 16|영업시간 매일 06:30 ~ 21:30|02-2292-8201|
커피나인 본점|서울 동대문구 전농로3길 12 1층|영업시간 매일 09:00 ~ 22:00|02-6396-9992|
콘반|서울 동대문구 한천로26길 48-12 듀펠센터 1층 102호|월요일|070-4134-3903|
함경면옥|서울 동대문구 왕산로 87|영업시간 매일 11:00 ~ 21:00|02-921-7300|
감초식당|서울 동대문구 약령서길 28|영업시간 매일 09:00 ~ 22:00|02-962-4570|
BK볏짚직화구이 장안동본점|서울 동대문구 장한로26가길 29 어반슈필라움 1층 102, 103호||02-2244-0092|
평양냉면|서울 동대문구 홍릉로 14-3|영업시간 매일 11:00 ~ 21:00|02-965-8254|
이문동그집|서울 동대문구 이문로 195 1층|월요일|02-966-7892|
부부횟집 장안점|서울 동대문구 장한로 198|매일 11:30 ~ 22:40|02-2248-8881|
서산간장게장|서울 동대문구 장한로24길 7|매일 00:00 ~ 24:00|02-2217-3078|
로운샤브샤브 청량리점|서울 동대문구 왕산로 214|영업시간 매일 11:00 ~ 21:00|02-6425-2015|
소담촌 장안점|서울 동대문구 사가정로 207 4층|영업시간 매일 11:00 ~ 22:00|02-2212-1399|
신락원|서울 동대문구 전농로20길 2|월요일|02-2244-0008|
카페몰로|서울 동대문구 회기로 163 1층|영업시간 매일 11:00 ~ 22:00|02-966-1301|
장군집|서울 동대문구 회기로25길 23-5|매일 17:00 ~ 03:00|010-2705-3099|
비나레스토랑|서울 동대문구 안암로24길 4|영업시간 매일 11:00 ~ 21:00|02-926-5860|
원조골뱅이전문점|서울 동대문구 왕산로37길 7|월~토 17:00 ~ 05:00|02-959-6131|
망우로30|서울 동대문구 망우로 30-1|월요일||
너디블루|서울 동대문구 전농로36길 9 1,2층 1,2호|매일 12:00 ~ 23:30|0507-1421-1310|
흥부골 숯불돼지왕갈비 본점|서울 동대문구 장한로24길 46|매일 11:00 ~ 23:00|02-2245-2006|
카페양귀비|서울 동대문구 이문로9길 8 1층|영업시간 매일 12:00 ~ 21:00||
전농곱창싱|서울 동대문구 전농로14길 14|영업시간 월~토 10:30 ~ 22:00|02-2248-6191|
라무진 장안1점|서울 동대문구 장한로 68 JB타워 1층 102호|매일 17:00 ~ 24:00|02-2244-3446|
용두동복집|서울 동대문구 왕산로16길 9||02-921-5936|
신가네왕코등갈비|서울 동대문구 천호대로 67|월~토 17:00 ~ 03:00|02-924-3042|
민들레영토 경희대점|서울 동대문구 경희대로1길 34|월요일|02-959-3733|
마루기|서울 동대문구 이문로28길 16 2층|영업시간 월~토 11:00 ~ 21:00 · 브레이크타임 월~토 15:00 ~ 16:30||
청량회관|서울 동대문구 제기로36길 31|월~토 18:00 ~ 02:00||
토성옥|서울 동대문구 약령서길 28|영업시간 매일 08:00 ~ 21:00|02-966-1839|
굿갓레스토랑 회기점|서울 동대문구 회기로19길 12|월요일|070-7576-2497|
소담촌 용두점|서울 동대문구 왕산로 60-1 포은회관 5층|영업시간 매일 11:00 ~ 22:00|02-921-5530|
79번지국수집|서울 동대문구 회기로13길 25 1층|영업시간 매일 10:00 ~ 22:00|02-6082-9494|
스시지|서울 동대문구 전농로 36 포레스트스퀘어 지하1층 104호|영업시간 월~토 11:30 ~ 22:00|02-3390-0633|
철계단집|서울 동대문구 회기로31가길 35-1|매일 16:00 ~ 23:00||
안흥갈비 답십리점|서울 동대문구 전농로 75|매일 11:30 ~ 23:00|02-2217-9303|
일광|서울 동대문구 전농로 48|월~토 15:00 ~ 24:00|02-489-5055|
안흥갈비 본점|서울 동대문구 장한로 153|매일 11:30 ~ 01:00|02-2246-7896|
수타생고기 본점|서울 동대문구 천호대로2길 23-3|영업시간 매일 11:00 ~ 22:00|02-2233-1362|
와가리피순대 본점|서울 동대문구 왕산로9길 22|월~토 09:30 ~ 22:30|02-927-5477|
오앤디|서울 동대문구 망우로12가길 17 1층|영업시간 월,수,목,금 11:00 ~ 22:00||
대한닭발1979 장안점|서울 동대문구 장한로 116|매일 17:00 ~ 06:00|02-2215-3009|
보경벌교참꼬막 본점|서울 동대문구 한천로14길 71|매일 09:00 ~ 23:00|02-2241-9966|
오징어데이|서울 동대문구 천호대로83길 89|매일 16:00 ~ 04:00|02-6414-6018|
이수사일식|서울 동대문구 천호대로85길 10|영업시간 매일 11:00 ~ 22:00|02-2212-4789|
스타벅스 경동1960점|서울 동대문구 고산자로36길 3 경동시장 본관 3,4층|영업시간 매일 09:00 ~ 20:00||
컴플리트커피|서울 동대문구 천장산로7길 19|월~금 08:00 ~ 23:00|070-8873-0419|
인생소곱창|서울 동대문구 회기로21길 9|매일 17:00 ~ 01:00|02-3295-3332|
경성고기꾼|서울 동대문구 회기로21길 8|매일 11:30 ~ 01:00|02-6396-9523|
현고대닭발 본점|서울 동대문구 제기로2가길 3 1층|월~토 13:00 ~ 23:00|02-928-9995|
호랭이양식당|서울 동대문구 회기로13길 24|영업시간 매일 11:30 ~ 22:00 · 브레이크타임 매일 15:30 ~ 17:00|02-966-4589|
왕코등갈비|서울 동대문구 한천로 202 1,2층|월~토 15:00 ~ 02:00|02-2245-4988|
대가참치|서울 동대문구 천호대로85길 11 2층|영업시간 월~금 11:30 ~ 22:00|02-2242-4944|
탕의신 홍대포|서울 동대문구 장한로 47|매일 11:30 ~ 24:00|02-2213-3926|
해다원해물찜|서울 동대문구 천호대로85길 17|매일 11:00 ~ 24:00|02-2242-8449|
뚜띠쿠치나 용두점|서울 동대문구 무학로 140 여의주빌딩 1층|영업시간 매일 10:00 ~ 22:00|02-928-3336|
백수씨심야식당|서울 동대문구 경희대로1길 8-15 1층|월~토 17:00 ~ 05:00|02-969-6212|
곽만근갈비탕이야기 답십리점|서울 동대문구 천호대로 289 한일노벨리아 상가동 2층 202,203호|영업시간 매일 11:00 ~ 22:00|02-2216-5900|
오늘은해물찜 손칼국수 답십리본점|서울 동대문구 전농로 51|영업시간 매일 11:00 ~ 22:00|02-2212-2828|
홍능족발|서울 동대문구 홍릉로 20|매일 12:00 ~ 24:00|02-957-6000|
힘찬풍천장어|서울 동대문구 난계로 252|영업시간 매일 10:00 ~ 22:00|02-2231-9743|
용두동쭈꾸미 본점|서울 동대문구 무학로36길 10|매일 10:30 ~ 22:30|02-925-3127|
한옥정|서울 동대문구 답십리로 146-4|매일 11:00 ~ 23:00|02-2249-1082|
경북손칼국수|서울 동대문구 왕산로41길 4|영업시간 월~토 10:00 ~ 20:30|02-963-6962|
신라방마라탕|서울 동대문구 천호대로79길 66|월요일|02-2212-9991|
더테이블|서울 동대문구 회기로 14 1층|영업시간 월~금 11:30 ~ 21:30 · 브레이크타임 월~금 14:30 ~ 17:30|02-928-5097|
동경통닭|서울 동대문구 홍릉로1길 46 청량리전통시장 A동 1층|매일 10:00 ~ 23:00|02-963-6880|
흥부골숯불돼지왕갈비 장안2호점|서울 동대문구 장한로 149|매일 11:30 ~ 22:30|02-2248-5694|
고기야미안해|서울 동대문구 경희대로4길 20 1층|월~토 17:30 ~ 24:00|02-967-0202|
한우천국 장안점|서울 동대문구 장한로 96|매일 11:30 ~ 11:00|02-3394-5192|
장수회관|서울 동대문구 전농로16길 16|영업시간 월~토 11:00 ~ 22:00 · 브레이크타임 월~토 15:00 ~ 16:30|02-2243-5678|
한상에소두마리 장안점|서울 동대문구 장한로 47 1층|영업시간 매일 12:00 ~ 22:00|02-2215-0505|
촨커|서울 동대문구 이문로9길 105|영업시간 월~토 11:30 ~ 21:50 · 브레이크타임 월~토 15:30 ~ 16:30|02-963-3688|
다퍼줘 바다먹거리 장터|서울 동대문구 왕산로 155-1 1층|월,화,목,금,토,일 10:00 ~ 23:00|010-7601-2020|
봉이만두|서울 동대문구 망우로21길 34|영업시간 월~토 12:00 ~ 22:00|02-2215-1122|
대즐링|서울 동대문구 안암로 132 1층|영업시간 월~금 12:00 ~ 22:00|070-763-9394|
키라쿠|서울 동대문구 약령시로 5-1 아이리스빌딩 1층|영업시간 월~금 10:30 ~ 22:00||
샤로스톤 외대점|서울 동대문구 휘경로2가길 5 1층|영업시간 매일 11:00 ~ 21:30|02-966-0867|
시카고커리|서울 동대문구 천호대로31길 23 1층|영업시간 월~토 11:00 ~ 21:00 · 브레이크타임 월~토 15:00 ~ 17:00|010-7749-3751|
시키카츠|서울 동대문구 회기로 110 1층|영업시간 매일 11:00 ~ 21:00 · 브레이크타임 매일 15:00 ~ 17:00||
버거킹 장안SK점|서울 동대문구 한천로 100|매일 00:00 ~ 24:00|070-7438-8236|
스타벅스 답십리역점|서울 동대문구 천호대로 263|영업시간 월~금 07:00 ~ 22:00|1522-3232|
만복 원조 보쌈칼국수|서울 동대문구 장한로 53|영업시간 월~토 11:00 ~ 22:00|02-2245-2080|
독도게찜 장안직영점|서울 동대문구 천호대로85길 98 1층||02-2249-3337|
우마스시|서울 동대문구 전농로 96-1 1층|영업시간 매일 11:30 ~ 22:00 · 브레이크타임 매일 15:00 ~ 16:30|02-2214-6533|
미남참치|서울 동대문구 천호대로 389 1층 미남참치|월~금 11:30 ~ 23:00 · 브레이크타임 월~금 15:00 ~ 16:30|02-2246-4567|
카페림|서울 동대문구 천호대로27길 8-2|영업시간 월~금 09:00 ~ 22:00|02-968-1497|
조영환의 대양한방숯불갈비|서울 동대문구 고산자로 399 동양프라자 2층|매일 10:00 ~ 23:00|02-960-5511|
일심해장국 본점|서울 동대문구 장한로 179 1층|매일 00:00 ~ 24:00|02-2243-4525|
스타벅스 장한평역점|서울 동대문구 장한로 10|영업시간 월~목 07:00 ~ 21:00|1522-3232|
스타벅스 신설동역점|서울 동대문구 왕산로 19|영업시간 월~금 07:00 ~ 21:00|1522-3232|
한시십일분|서울 동대문구 망우로 66 지하1층|월요일||
스타벅스 회기역사거리점|서울 동대문구 이문로 37 회기 한일 베라체캠퍼스 1층|영업시간 월~금 07:00 ~ 22:00|1522-3232|
마루한|서울 동대문구 서울시립대로27길 3|매일 11:00 ~ 23:00|02-6406-1126|
쁘띠몽드 키즈카페|서울 동대문구 한천로 193 3층|영업시간 매일 10:30 ~ 20:00|02-2215-7005|
정편백|서울 동대문구 서울시립대로12길 3|영업시간 매일 11:00 ~ 22:00|02-2212-8884|
순대국집|서울 동대문구 하정로4길 12|||
애슐리퀸즈 롯데백화점 청량리점|서울 동대문구 왕산로 214 지하2층|영업시간 매일 10:30 ~ 21:00|0507-1435-1100|
카페온|서울 동대문구 왕산로 276-1 1층|영업시간 매일 11:00 ~ 22:00|070-8682-4958|
치보|서울 동대문구 천장산로9길 3|영업시간 월~금 11:30 ~ 22:00|02-960-7340|
독|서울 동대문구 왕산로 278-1|매일 16:00 ~ 24:00|02-3295-1116|
회기돌곱창|서울 동대문구 이문로 42|월~토 17:00 ~ 01:00|02-957-9965|
항방양육관 장안점|서울 동대문구 천호대로85길 21-1 청은빌딩 1층|매일 14:00 ~ 02:00|02-3394-7729|
송학수산|서울 동대문구 장한로26길 67 1층|월요일|02-2214-9777|
더크림|서울 동대문구 장한로28길 18|영업시간 월~금 09:00 ~ 22:00|070-4065-7313|
경발원|서울 동대문구 망우로21길 34|영업시간 매일 12:00 ~ 21:00 · 브레이크타임 매일 15:00 ~ 17:00|02-2244-2616|
크치치킨 경희대점|서울 동대문구 회기로 125 1층|매일 15:00 ~ 02:00|02-963-9285|
옛날바지락손칼국수|서울 동대문구 무학로 125|영업시간 월,화,수,목,금,일 11:00 ~ 20:00 · 브레이크타임 월,화,수,목,금,일 15:00 ~ 17:00|02-2294-2569|
장어세상|서울 동대문구 장한로 9||02-2243-3355|
황하|서울 동대문구 경희대로4길 79|영업시간 매일 11:00 ~ 22:00|02-959-8585|
17|서울 동대문구 회기로21길 22|영업시간 월~금 11:30 ~ 21:00|02-6494-1798|
스시긴|서울 동대문구 장한로 111-1|월~금 12:00 ~ 03:00|02-2215-3600|
물고기김밥|서울 동대문구 이문로25길 36 1층|영업시간 월~금 09:00 ~ 20:00 · 브레이크타임 월~금 14:00 ~ 16:00|02-963-4580|
이문동커피집 플랫피플|서울 동대문구 이문로25길 39 1층|영업시간 월~금 11:00 ~ 19:00||
남도보쌈파전|서울 동대문구 장한로27가길 28 장평빌딩 1층|월~토 13:00 ~ 22:30|02-2213-3236|
수상한막창|서울 동대문구 전농로 53|월~토 16:00 ~ 24:00|02-2244-1011|
도남수산|서울 동대문구 안암로 6|월~토 10:30 ~ 23:00|02-953-9248|
진한순대국|서울 동대문구 천호대로83길 52|매일 00:00 ~ 24:00|02-2247-9088|
청량리조개구이찜|서울 동대문구 경동시장로10길 57||02-966-8833|
비하인드미|서울 동대문구 회기로 125|영업시간 매일 12:00 ~ 21:00||
코지인무르무르|서울 동대문구 회기로 139 2층|영업시간 매일 11:00 ~ 21:00 · 브레이크타임 매일 15:00 ~ 17:00|02-965-0683|
명품한방삼계탕 본점|서울 동대문구 장한로 37 1층|영업시간 매일 10:00 ~ 22:00|02-2215-9339|
해나루초밥|서울 동대문구 경희대로 3-1 1층|영업시간 매일 11:30 ~ 22:00 · 브레이크타임 매일 15:00 ~ 16:30|02-966-8100|
도란도란곱창|서울 동대문구 휘경로2길 5-10|매일 15:00 ~ 02:00|02-960-3701|
홍익돈까스 회기점|서울 동대문구 망우로21길 52 춘태빌딩 1층|월요일|02-2242-9604|
에잇올리|서울 동대문구 경희대로6길 3-2 1층|영업시간 월~금 11:00 ~ 20:30 · 브레이크타임 월~금 15:30 ~ 16:30|02-6012-2770|
대영정육점식당|서울 동대문구 장한로21길 9|월~토 16:00 ~ 22:30||
기와옥|서울 동대문구 답십리로66길 5 1층|영업시간 월~토 10:00 ~ 21:30||
고창풍천장어|서울 동대문구 홍릉로 47 1,2층|영업시간 매일 10:00 ~ 22:00|02-964-8880|
선일해장|서울 동대문구 회기로 26|매일 07:00 ~ 23:00 · 브레이크타임 매일 15:30 ~ 16:30|02-6012-8073|
행운돈까스지기 장안본점|서울 동대문구 장한로 173|영업시간 월~토 10:30 ~ 22:00||
크래프트한스 답십리점|서울 동대문구 전농로 36 지하1층|월~금 16:00 ~ 02:00|02-3394-6886|
경동시장 평양냉면|서울 동대문구 왕산로29길 4 2층|영업시간 월~토 11:00 ~ 20:30 · 브레이크타임 월~토 16:00 ~ 17:00|02-965-8258|
라무진 회기점|서울 동대문구 회기로23길 6 1층|영업시간 월~토 15:00 ~ 22:00|02-6083-0183|
40년전통할머니추어탕|서울 동대문구 장한로 39|영업시간 매일 10:00 ~ 21:00|02-3394-8122|
봄봄기사식당|서울 동대문구 서울시립대로 128 1층|영업시간 매일 08:00 ~ 22:00|02-2213-0682|
고미소곱창|서울 동대문구 왕산로 228|월~토 14:00 ~ 24:00|02-969-8883|
해피디쉬클럽|서울 동대문구 서울시립대로 164 6층|매일 17:00 ~ 02:00||
고향집|서울 동대문구 경동시장로2길 52|영업시간 월~토 09:00 ~ 22:00|02-964-8844|
8번가|서울 동대문구 경희대로3길 8|영업시간 매일 10:00 ~ 22:00||
천호낙지|서울 동대문구 사가정로 207 1층 106~110호|매일 10:00 ~ 24:00|02-2245-7355|
엔토츠야|서울 동대문구 한천로26길 48-12 듀펠센터 지하1층|월,일요일|070-8887-1288|
팔각도 경희대점|서울 동대문구 회기로13길 10 1층|영업시간 매일 12:00 ~ 22:00|02-969-4900|
장안순대국밥|서울 동대문구 고미술로 81|매일 06:00 ~ 23:00|02-2217-1764|
대성집 대성본점|서울 동대문구 제기로6길 14||02-923-5877|
팔삼|서울 동대문구 하정로 53|영업시간 매일 10:30 ~ 21:00|02-925-5945|
미뇽|서울 동대문구 제기로2길 4 2층|영업시간 월~금 10:00 ~ 15:30|070-4300-0425|
카페 트위그|서울 동대문구 한천로 10 1층|영업시간 월~토 08:00 ~ 19:00|02-6953-8892|
허브족발|서울 동대문구 왕산로2길 27||02-927-2465|
푸른하늘|서울 동대문구 경희대로6길 3-4|영업시간 월~토 10:00 ~ 22:00|02-960-3394|
식스센스다이닝바|서울 동대문구 왕산로2길 9|월~토 17:00 ~ 03:00|02-911-2030|
도모다찌|서울 동대문구 경희대로4길 15 2층||02-968-2357|
더모임|서울 동대문구 왕산로 6 경영빌딩 지하1층|월요일|02-924-9000|
커피블랑|서울 동대문구 회기로19길 16|매일 11:00 ~ 23:00|010-2717-7316|
호박식당 장한평점|서울 동대문구 천호대로85길 13 형인타워 1층|매일 00:00 ~ 24:00|02-2248-7905|
남원통닭|서울 동대문구 홍릉로1길 39|영업시간 매일 10:00 ~ 22:00|02-968-9841|
치맥파이브 경희대점|서울 동대문구 회기로21길 8-6|월~토 17:00 ~ 24:00|02-966-7850|
다미옥|서울 동대문구 경동시장로12길 52-1|영업시간 매일 10:00 ~ 22:00||
갈치와고갈비|서울 동대문구 천호대로 15-9|영업시간 월~금 09:00 ~ 21:00|02-2237-9292|
도읍지|서울 동대문구 회기로21길 38-1|영업시간 월~토 10:00 ~ 22:00|02-964-2388|
초우마을|서울 동대문구 회기로28길 8|매일 10:30 ~ 23:00||
크치치킨 고려대본점|서울 동대문구 고산자로56길 7|월~토 14:00 ~ 00:30|02-957-9285|
최원석의돼지한판 서해쭈꾸미 시립대점|서울 동대문구 전농로 222 1층|매일 11:00 ~ 01:00|02-2213-5592|
신화쭈꾸미 회기점|서울 동대문구 경희대로4길 74|매일 14:00 ~ 24:00|02-963-8886|
경동함흥냉면|서울 동대문구 고산자로38길 19 1층||02-966-0046|
크로네과자점|서울 동대문구 경희대로 17 1층|영업시간 월~금 07:30 ~ 22:00|02-960-2045|
화성옥갈비생갈비|서울 동대문구 전농로14길 7|영업시간 월,화,목,금,토,일 11:00 ~ 22:00|02-2247-2688|
돈사돈 신설동점|서울 동대문구 안암로 6|월~토 18:00 ~ 24:00|02-6326-8989|
규범곱창|서울 동대문구 회기로 156 1층|월~토 14:00 ~ 01:00||
30년전통춘천닭갈비|서울 동대문구 한천로14길 70|매일 12:00 ~ 23:00|02-2243-8887|
보리밥우리집식당|서울 동대문구 왕산로 249|영업시간 매일 10:30 ~ 20:00|02-960-2340|
왼손우동짜장탕수육|서울 동대문구 이문로 61|영업시간 월,수,목,금 10:00 ~ 20:30||
너나들이 만화카페|서울 동대문구 회기로13길 19 지하1층|매일 12:00 ~ 23:00|0507-1443-0331|
청량리함흥냉면|서울 동대문구 홍릉로5길 13|영업시간 매일 11:00 ~ 20:00|02-960-6761|
맥도날드 전농점|서울 동대문구 전농로 146|매일 08:00 ~ 24:00|070-7017-0548|
먹보소고기국밥|서울 동대문구 홍릉로 14-1 1층|영업시간 월,수,목,금,토,일 10:00 ~ 22:00|02-968-5788|
탕미옥|서울 동대문구 왕산로19나길 3 태종빌딩 1층|영업시간 월~토 10:00 ~ 22:00|02-921-1158|
차칸스시|서울 동대문구 회기로25길 52|영업시간 월,화,목,금,토 11:15 ~ 22:00 · 브레이크타임 월,화,목,금,토 15:00 ~ 16:30|02-960-0919|
팔팔껍데기 신설동점|서울 동대문구 천호대로 11-3 1층|월~토 16:00 ~ 01:00|02-926-8292|
강씨네즉석떡볶이 장안본점|서울 동대문구 장한로13길 7 1층|월~토 11:00 ~ 23:00|02-6369-1929|
소년소고기|서울 동대문구 천호대로85길 26-6|매일 11:30 ~ 23:00|02-3394-5267|
스타벅스 경희대삼거리점|서울 동대문구 회기로 141|영업시간 월~금 08:00 ~ 21:00|1522-3232|
마라천국|서울 동대문구 장한로21길 11-6|월~토 11:00 ~ 23:00|02-3390-4248|
스타벅스 청량리역사점|서울 동대문구 왕산로 214 6층|영업시간 매일 08:00 ~ 22:00|1522-3232|
빅문|서울 동대문구 회기로26길 6 지하1층|매일 18:00 ~ 01:00|010-9481-0019|
강금옥쭈꾸미 경희대점|서울 동대문구 이문로 40|매일 12:00 ~ 23:00|02-959-0333|
두툼|서울 동대문구 천호대로85길 32 1층|매일 11:00 ~ 02:00|02-2212-1525|
풍천장어마을|서울 동대문구 고산자로 488|영업시간 매일 11:00 ~ 22:00|02-964-9752|
세라젬웰카페 서울답십리직영점|서울 동대문구 사가정로 80 1층 104~107호|영업시간 매일 11:00 ~ 20:00|02-6952-1825|
한양닭도리탕곱창전골|서울 동대문구 장한로24길 15|매일 16:00 ~ 24:00|02-2242-4805|
맥도날드 외대점|서울 동대문구 휘경로 15|매일 00:00 ~ 24:00|070-7209-1547|
제일곱창|서울 동대문구 전농로4길 1||02-2245-4046|
그대쉴꽃|서울 동대문구 회기로19길 6 1,2층|매일 12:00 ~ 23:00|02-966-0813|
고깃집도훈 경희본점|서울 동대문구 회기로21길 29|월~토 11:30 ~ 23:00 · 브레이크타임 월~토 14:00 ~ 17:00|02-965-4146|
임오네쭈꾸미 2호점|서울 동대문구 왕산로16길 13||02-921-1628|
스시선생|서울 동대문구 경희대로4길 54|영업시간 매일 11:30 ~ 22:00 · 브레이크타임 매일 15:00 ~ 17:00|02-969-0806|
동해루|서울 동대문구 전농로 235|영업시간 월~토 12:00 ~ 21:00|02-2247-2910|
와인양꼬치|서울 동대문구 이문로 36 2층|매일 12:00 ~ 02:00|02-968-1235|
제이비파스타|서울 동대문구 회기로25길 18|영업시간 매일 11:30 ~ 22:00|02-965-2822|
대통삼 신설동점|서울 동대문구 천호대로4길 12 1층||02-2235-1031|
알레스카에서 온 연어가맛있는집|서울 동대문구 고산자로 553|매일 12:00 ~ 02:00|02-929-3401|
37.5 답십리점|서울 동대문구 답십리로 130 102동 1층 8호|영업시간 매일 09:30 ~ 20:30 · 브레이크타임 매일 16:00 ~ 17:00|02-2212-3705|
전농동 해물알탕전문|서울 동대문구 장한로2길 7 1층 104호|월~금 15:00 ~ 24:00|02-2213-2324|
안가네 한방오리집|서울 동대문구 장한로 162||02-3394-5293|
와규스타|서울 동대문구 천호대로 319 답십리동한화오벨리스크 101,102호|영업시간 매일 10:00 ~ 22:00|02-2214-5992|
골목족발|서울 동대문구 회기로26길 5|월요일|02-964-2027|
장군뽈따구숯불구이|서울 동대문구 망우로16길 5|영업시간 월~토 14:00 ~ 22:00|02-2242-0935|
고흥아줌매|서울 동대문구 왕산로35길 7||02-962-8389|
아임파이 외대점|서울 동대문구 휘경로2길 39 1층|영업시간 월~토 12:00 ~ 21:30|070-4274-1182|
남화루|서울 동대문구 난계로 250 경해빌딩 1층|영업시간 매일 10:30 ~ 21:00|02-2232-1151|
고흥집|서울 동대문구 휘경로15길 15-7 1층|||
투썸플레이스 장안점|서울 동대문구 장한로 73|월~금 07:00 ~ 24:00|02-2212-1780|
진미기사식당|서울 동대문구 장한로 64|매일 00:00 ~ 24:00|02-2213-6058|
왕십리|서울 동대문구 장한로 58 1층|월~토 16:00 ~ 22:50|02-2242-7644|
멜팅폼|서울 동대문구 천장산로7길 10-3 지하1층|매일 10:00 ~ 02:00|02-960-2544|
비사벌 전주콩나물국밥 장안점|서울 동대문구 장한로 51|영업시간 매일 07:00 ~ 22:00|02-2246-9914|
노바이탈리아노|서울 동대문구 회기로21길 44 2층|영업시간 월~금 11:00 ~ 22:00|02-966-1652|
기깔난게장무한리필 장안동본점|서울 동대문구 장한로17길 13-10 선빌딩 1층 101호|영업시간 매일 10:00 ~ 22:00|02-2244-2001|
본노엘|서울 동대문구 전농로 75-16 1층|영업시간 매일 08:00 ~ 22:00||
신토불이 장안직영점|서울 동대문구 사가정로 278|영업시간 매일 11:30 ~ 22:00|02-2212-5292|
맥도날드 장안사거리점|서울 동대문구 답십리로 291-1|매일 08:00 ~ 24:00|070-7017-6857|
북배산 흑염소요리|서울 동대문구 장한로 64|영업시간 매일 11:30 ~ 21:50|02-2246-6610|
온니당|서울 동대문구 답십리로63길 125 1층|월,화요일|010-4450-9715|
칠기마라탕|서울 동대문구 제기로5길 34|영업시간 월,화,수,목,금,일 11:30 ~ 22:00|070-7867-7798|
명가통닭 본점|서울 동대문구 전농로 105 1층|매일 15:00 ~ 00:30|02-2215-3333|
기태만두|서울 동대문구 경동시장로10길 44||02-962-4858|
고소운|서울 동대문구 휘경로2길 4 지하 1층|영업시간 매일 12:30 ~ 22:00||
라구퀸|서울 동대문구 회기로18길 16 1층|영업시간 월,수,목,금,토,일 11:30 ~ 21:30 · 브레이크타임 월,수,목,금,토,일 14:15 ~ 16:30|02-959-2822|
꽃돼지무한삼겹 경희대점|서울 동대문구 회기로19길 11 1층|매일 11:00 ~ 24:00|02-959-9285|
조조상회|서울 동대문구 천호대로 15 1층|월요일|02-929-1066|
디어테이블|서울 동대문구 답십리로72길 68|매일 09:00 ~ 23:00||
회기버거 본점|서울 동대문구 이문로 46 1층|둘째,넷째 월요일|02-6104-3210|
통일부대찌개|서울 동대문구 이문로28길 9||02-963-2032|
굴다리전주콩나물국밥|서울 동대문구 전농로 70-1||02-3394-5730|
카페시사|서울 동대문구 전농로 217 1층|매일 09:00 ~ 24:00||
꽃술|서울 동대문구 경희대로1길 8-14|월~토 17:00 ~ 05:00|010-2295-7530|
보성장|서울 동대문구 서울시립대로 122|영업시간 매일 09:00 ~ 22:00|02-2212-7512|
강박사돌솥쌈밥생삼겹살|서울 동대문구 전농로14길 3|영업시간 매일 10:30 ~ 22:00 · 브레이크타임 매일 15:30 ~ 17:00|02-2212-4260|
금강산숯불갈비|서울 동대문구 하정로3길 7|영업시간 월~토 11:00 ~ 22:00|02-929-5052|
오소리순대 본점|서울 동대문구 회기로4길 16|영업시간 매일 10:30 ~ 22:00|02-918-9797|
마포숯불등심갈매기살|서울 동대문구 고산자로33길 15|매일 11:00 ~ 22:30|02-963-1914|
카레집|서울 동대문구 서울시립대로27길 43 2층|영업시간 월~금 11:00 ~ 22:00|02-2242-8827|
이천농장|서울 동대문구 장한로 151||02-2212-3010|
후루사토|서울 동대문구 망우로18마길 16-1|월요일||
선진국낙지마당 장안점|서울 동대문구 장한로 149-1 1층|매일 11:00 ~ 22:30|02-2215-0564|
땡이네만두|서울 동대문구 경동시장로8길 46|영업시간 매일 03:00 ~ 17:00|02-964-8407|
계림원 회기역점|서울 동대문구 회기로28길 9|매일 17:00 ~ 02:00|02-959-9292|
한우마을정육점식당|서울 동대문구 한천로17길 21||02-2214-9462|
양지함박왕돈까스|서울 동대문구 장한로 194|매일 09:00 ~ 24:00|02-2247-8856|
옛집한우허파|서울 동대문구 사가정로 222||02-2217-7634|
로이앤벨라|서울 동대문구 장한로26길 42|영업시간 매일 11:30 ~ 22:00|070-7689-0000|
그남자의돼지갈비|서울 동대문구 사가정로 238|월,수,목,금,토,일 12:00 ~ 22:30|02-3394-9765|
중화식탁|서울 동대문구 한천로 180 1층|월요일|02-6101-9593|
백돈|서울 동대문구 장한로 106|영업시간 매일 10:30 ~ 22:00||
모두랑즉석떡볶이|서울 동대문구 회기로23가길 20||02-965-5696|
카페파인|서울 동대문구 안암로22길 15 형준빌딩 1, 2층|영업시간 매일 11:00 ~ 22:00||
다이스라떼(DCC카페)|서울 동대문구 천호대로83길 93 동우빌딩 2층|월요일|02-960-7159|
아티제 외대점|서울 동대문구 이문로 107|영업시간 월~금 08:00 ~ 21:30|02-959-2411|
마장동동바곱창 본점|서울 동대문구 고미술로 36 1층|매일 16:00 ~ 24:00|02-2217-9294|
미아리우동집|서울 동대문구 장한로 115 1층|매일 00:00 ~ 24:00|02-2214-8244|
스타벅스 경희대점|서울 동대문구 경희대로 16-1|영업시간 월~토 07:00 ~ 21:00|1522-3232|
참치공방 장안동지점|서울 동대문구 장한로 111 수인빌딩 1층|월,수,목,금,토 11:00 ~ 23:30 · 브레이크타임 월,수,목,금,일 15:00 ~ 17:00|02-2212-7700|
양촌리|서울 동대문구 천호대로 395-2|매일 00:00 ~ 24:00|02-3394-8870|
진미육가|서울 동대문구 장한로 24|매일 11:00 ~ 22:30|02-2216-7070|
곽만근갈비탕 휘경점|서울 동대문구 망우로 122-1|영업시간 매일 11:00 ~ 22:00|02-2217-7001|
우리동네연탄구이|서울 동대문구 천호대로 281||02-2213-6366|
다사리아|서울 동대문구 전농로 239 1층|매일 05:00 ~ 03:00|010-3018-7728|
금산가정식백반|서울 동대문구 약령시로21길 30||02-959-1901|
아경면선 외대점|서울 동대문구 이문로 76 1층|월요일|02-6498-6222|
중화요리아사원|서울 동대문구 한천로 441-2||02-963-6930|
홍콩중화요리|서울 동대문구 정릉천동로 105||02-966-6779|
우뚝소곱창|서울 동대문구 장한로23길 21|매일 15:00 ~ 02:00||
황해도순대|서울 동대문구 홍릉로1길 21||02-962-4123|
미연마라탕|서울 동대문구 경희대로1가길 4 힐링빌 1층 102호|매일 11:00 ~ 23:00|02-968-3888|
부산돼지국밥 복돈우리장안점|서울 동대문구 한천로 212 1층|영업시간 매일 10:00 ~ 22:00|02-2214-2510|
빈칸|서울 동대문구 망우로21길 52 1층|매일 09:30 ~ 23:30|02-1577-5886|
나주곰탕나주전 경동직영점|서울 동대문구 고산자로 428|매일 00:00 ~ 24:00|02-965-7898|
우미 설렁탕|서울 동대문구 고미술로 57|영업시간 매일 10:00 ~ 22:00|02-2246-3509|
총각회수산|서울 동대문구 왕산로35길 16|영업시간 월,수,목,금,토,일 10:00 ~ 21:00|02-960-2323|
장안삼계탕|서울 동대문구 전농로 50|영업시간 월~토 11:30 ~ 21:30|02-2249-7297|
싸다김밥 장안점|서울 동대문구 장한로 105 1층|매일 00:00 ~ 24:00|02-2242-2877|
마포숯불갈비|서울 동대문구 회기로8길 4 1층 마포숯불갈비|영업시간 매일 10:00 ~ 21:30 · 브레이크타임 월~금 15:00 ~ 16:30|02-969-8975|
경동연탄불돼지갈비|서울 동대문구 약령서1길 34|둘째,넷째 월요일|02-960-3360|
KFC 한국외대점|서울 동대문구 이문로 114|매일 10:30 ~ 23:30|02-957-5858|
제주은희네해장국 장안점|서울 동대문구 장한로 43 광성빌딩 1층 102,103호|월~토 11:00 ~ 24:00|02-3394-8331|
빈체로 전농점|서울 동대문구 사가정로 148|월요일|02-2242-8982|
부산밀면냉면|서울 동대문구 경희대로4길 73 1층|월요일|02-969-9008|
스타벅스 외대점|서울 동대문구 휘경로 12-1|영업시간 월~금 08:00 ~ 20:00|1522-3232|
투썸플레이스 휘경점|서울 동대문구 망우로 86 1~2층|영업시간 월~금 07:00 ~ 22:00|02-2039-6288|
램반장|서울 동대문구 전농로 24 계림빌딩 1층 101,102호|월요일|02-2216-7245|
연어이야기|서울 동대문구 고산자로 528-1|월~토 16:00 ~ 24:00|02-957-0110|
옛맛수제피순대|서울 동대문구 장한로28길 14 1층|영업시간 매일 10:00 ~ 22:00|02-2246-7771|
원골전통순대국|서울 동대문구 사가정로 232 1층|영업시간 월,화,목,금,토,일 10:00 ~ 22:00 · 브레이크타임 월,화,목,금,토,일 15:00 ~ 16:30|02-2245-1607|
봉평메밀막국수|서울 동대문구 한천로 106 1층|매일 11:30 ~ 22:30|02-2242-1346|
설빙 서울회기역점|서울 동대문구 회기로 193 2층|월,수,목,금,토,일 11:00 ~ 23:30|02-960-4342|
커피빈 장안점|서울 동대문구 장한로 115 1,2층|영업시간 월~금 07:30 ~ 22:00|02-2249-9826|
스시코야|서울 동대문구 황물로 42|영업시간 월~토 17:30 ~ 22:00|010-3945-7502|
순대야족발먹자|서울 동대문구 장한로2길 25-5|매일 11:00 ~ 23:00|02-2212-1031|
텐|서울 동대문구 회기로 116-1|영업시간 월~토 10:00 ~ 22:00||
솥뚜껑철판파전|서울 동대문구 회기로28길 17|월~토 13:00 ~ 00:50|02-959-8038|
이상준초밥|서울 동대문구 휘경로 12 1층|영업시간 월~토 11:00 ~ 21:30 · 브레이크타임 월~토 15:00 ~ 16:30|02-969-8100|
투썸플레이스 답십리점|서울 동대문구 고미술로 81 1층|매일 08:00 ~ 23:30|070-7554-5045|
김씨네돌솥밥순두부|서울 동대문구 망우로21길 4 1층|영업시간 매일 10:00 ~ 21:30|02-494-3100|
퐈이야|서울 동대문구 왕산로 278 2층|월요일|02-960-1541|
갈풍집|서울 동대문구 장한로2길 41|매일 17:00 ~ 02:00|02-2245-2212|
봉황부대찌개 본점|서울 동대문구 황물로 39 1층|영업시간 월,화,수,목,금,일 10:40 ~ 21:00|02-2247-1976|
꾸워봐|서울 동대문구 왕산로37길 15|매일 11:00 ~ 23:00|02-2214-8264|
장안면옥|서울 동대문구 사가정로 258 1층|영업시간 매일 10:00 ~ 21:30|02-2249-7221|
빕스얌딜리버리 답십리점|서울 동대문구 전농로11길 59 3층|영업시간 매일 10:00 ~ 21:00|070-4144-8671|
특별식당|서울 동대문구 제기로2길 15 1층|영업시간 월~토 11:30 ~ 21:00 · 브레이크타임 월~토 14:30 ~ 17:00||
드리다떡집|서울 동대문구 답십리로 255 1층|영업시간 매일 07:00 ~ 18:00|02-2236-6628|
마약고기|서울 동대문구 무학로36길 56||02-927-2992|
노천파전|서울 동대문구 회기로28길 3|월~토 17:00 ~ 05:00||
홍춘천치즈닭갈비 회기경희대점|서울 동대문구 회기로13길 10 2층|매일 11:00 ~ 23:00|070-8881-6884|
만나고쪽갈비 장안점|서울 동대문구 사가정로 206 1층 2호|월~금 17:00 ~ 01:00|02-2213-5353|
나주옥|서울 동대문구 천호대로 7-6||02-928-1821|
뉴델리 경희대점|서울 동대문구 경희대로6길 5|영업시간 매일 11:00 ~ 22:00 · 브레이크타임 월~금 16:00 ~ 17:00|02-957-7955|
경성고기꾼 고려대점|서울 동대문구 안암로 160 1층|영업시간 월,수,목,금,토,일 11:30 ~ 22:00 · 브레이크타임 월,수,목,금,토,일 15:00 ~ 17:00|02-929-0912|
동강용봉탕|서울 동대문구 약령시로 52|월~금 11:30 ~ 23:00|02-959-0399|
그릭데이 경희대점|서울 동대문구 회기로23가길 22|영업시간 매일 11:00 ~ 21:00||
호텔글로리|서울 동대문구 경희대로1길 9 2층|매일 16:00 ~ 23:00||
너만보여크루아상|서울 동대문구 망우로21길 63 1층|영업시간 매일 08:00 ~ 22:00||
불타는닭갈비 경희대점|서울 동대문구 회기로21길 4|매일 11:00 ~ 24:00|02-968-1462|
조개베네 고대점|서울 동대문구 안암로24길 31-6|매일 18:00 ~ 01:00|02-927-6447|
용두동임오네주꾸미 본점|서울 동대문구 무학로36길 6|매일 10:00 ~ 22:30|02-925-1628|
본가칼국수닭한마리|서울 동대문구 답십리로 311 1층||02-2248-0413|
스타벅스 외대정문점|서울 동대문구 이문로 93|영업시간 월~금 08:00 ~ 20:00|1522-3232|
짬뽕지존 장안점|서울 동대문구 장한로 109 장안동음식점빌딩 1층|매일 00:00 ~ 24:00|02-2217-5161|
프롬하츠커피 용두점|서울 동대문구 왕산로 71|매일 08:00 ~ 23:00|02-924-2230|
언니네함바그|서울 동대문구 회기로25길 59 1층|영업시간 매일 11:00 ~ 20:30|02-966-0110|
분99|서울 동대문구 천장산로4길 36|영업시간 매일 11:00 ~ 20:30 · 브레이크타임 매일 15:30 ~ 16:30|02-959-9979|
은행골|서울 동대문구 회기로 155||02-966-4988|
칠칠켄터키 장한평역점|서울 동대문구 장한로2길 19|매일 16:00 ~ 02:00|02-2212-2790|
신설홍어횟집|서울 동대문구 청계천로5길 9|영업시간 매일 11:00 ~ 22:00 · 브레이크타임 매일 15:00 ~ 16:30|02-2235-6481|
중국관|서울 동대문구 고산자로56길 17 1층|월요일|02-962-3514|
고래돈가스 고대점|서울 동대문구 안암로 154|영업시간 매일 09:30 ~ 21:30|02-953-6592|
코코니주방|서울 동대문구 이문로 112 2층|영업시간 월~목 11:00 ~ 21:00 · 브레이크타임 월,화,수,목,토,일 15:00 ~ 17:00|02-962-7381|
쿠마키친|서울 동대문구 회기로31가길 34-4 1층|영업시간 월,화,수,목,금,일 11:00 ~ 21:00 · 브레이크타임 월,화,수,목,금,일 14:30 ~ 16:30|070-4645-0141|
안씨네원조쭈꾸미 경희대직영점|서울 동대문구 이문로 17-26|매일 16:00 ~ 24:00|02-969-7668|
네남자|서울 동대문구 장한로17길 13-2 1층|영업시간 월~금 11:30 ~ 22:00|02-6212-8928|
오실장강남면옥 장안점|서울 동대문구 사가정로 207 1층|영업시간 매일 11:00 ~ 22:00||
명륜진사갈비 서울동대문구청점|서울 동대문구 천호대로 153|매일 12:00 ~ 23:00|02-959-7004|
동의보쌈칼국수냉면|서울 동대문구 장한로 157|월요일|02-2242-6363|
봄의정원 회기점|서울 동대문구 경희대로1길 35 1,2층|월요일|02-6227-9197|
불란서삼겹살 경희대점|서울 동대문구 경희대로4길 8 2층|매일 12:00 ~ 24:00|02-965-9259|
홍도야빈대떡|서울 동대문구 제기로 11-1|월~토 16:00 ~ 01:00|02-953-1092|
투썸플레이스 경희대점|서울 동대문구 경희대로 7-1|매일 09:00 ~ 01:00|02-966-8526|
윤가네청국장|서울 동대문구 경동시장로2길 52|영업시간 매일 10:00 ~ 21:00|02-967-9413|
양님이네|서울 동대문구 장한로24길 7|매일 00:00 ~ 24:00|02-2217-2264|
카리스|서울 동대문구 제기로 148|월요일|02-598-0554|
심양 경희대점|서울 동대문구 회기로 137|월,수,목,금,토,일 17:00 ~ 23:00|02-959-9213|
이종구낙지세상 장안점|서울 동대문구 장한로 160 1층||02-2244-0006|
RBW라운지|서울 동대문구 장한로20길 7 서희스타힐스 1층|영업시간 월~금 11:00 ~ 20:00||
3대천왕무우떡볶이|서울 동대문구 이문로 39 3층|영업시간 매일 11:00 ~ 22:00|02-957-3166|
대감댁24시뼈다귀감자탕 본점|서울 동대문구 한빛로 21|매일 09:30 ~ 23:00|02-928-9560|
종구네통닭|서울 동대문구 왕산로33길 16|영업시간 매일 11:30 ~ 22:00|02-967-8449|
버거킹 경희대점|서울 동대문구 경희대로 1-1 1층|매일 09:00 ~ 24:00|070-7462-8543|
곰돌이돈까스|서울 동대문구 한빛로1길 3 1층|월~금 13:00 ~ 22:30||
투썸플레이스 제기동역점|서울 동대문구 왕산로 91|영업시간 매일 08:00 ~ 21:30||
이문시장|서울 동대문구 휘경로2길 16|매일 15:00 ~ 24:00|02-968-1551|
연어골|서울 동대문구 장한로 65 1층|월~토 17:00 ~ 03:00|02-2212-1978|
육회&연어 회기점|서울 동대문구 이문로 32 동일빌딩 1층|매일 15:00 ~ 05:00||
팔선생 제기점|서울 동대문구 회기로 34|영업시간 매일 12:00 ~ 21:30|02-969-8189|
고기싸롱 답십리점|서울 동대문구 전농로 41|매일 11:30 ~ 24:00|02-3394-4744|
도톰 장한평점|서울 동대문구 천호대로85길 28 1층||010-5950-9850|
골뱅이나라 청량리역 1호점|서울 동대문구 홍릉로 8 1층||02-964-5666|
휘경곱창|서울 동대문구 휘경로14길 15-1|매일 14:00 ~ 24:00|02-959-7973|
19뜯고맛보고|서울 동대문구 전농로 227|매일 17:00 ~ 01:00|010-5203-2171|
산천뷔페|서울 동대문구 천호대로83길 9 지하 1층||02-2212-2235|
위대한족보 청량리점|서울 동대문구 전농로 217-3|매일 11:30 ~ 23:00 · 브레이크타임 매일 14:00 ~ 15:30|02-2212-8009|
장수각교동짬뽕|서울 동대문구 한천로 45 정민빌딩 가동 1층|영업시간 월~토 11:00 ~ 21:00|02-2245-3323|
등갈비의신화|서울 동대문구 서울시립대로 147 지층 B01호|월~금 15:00 ~ 24:00|02-2247-4004|
이가네바지락칼국수 본점|서울 동대문구 전농로 50-1|영업시간 매일 10:30 ~ 22:00|02-2217-1367|
버거킹 신설동역점|서울 동대문구 보문로 6|매일 09:00 ~ 23:00|070-7462-6775|
장안회관|서울 동대문구 천호대로85길 10 1층|월,화,수,목,일 18:00 ~ 04:00||
따봉하우스|서울 동대문구 경희대로4길 73|월요일|02-962-2885|
등촌샤브칼국수 장안점|서울 동대문구 장한로 140|매일 00:00 ~ 24:00|02-2247-5429|
부자순대국|서울 동대문구 망우로 116 1층|월,화,수,목,금,일 10:00 ~ 23:00|02-3390-0515|
써브웨이 장안사거리점|서울 동대문구 답십리로 293|매일 08:00 ~ 23:00|02-3390-4970|
베브릿지 한국외대점|서울 동대문구 휘경로 4-10 1층|월~금 08:00 ~ 23:00|070-8252-5661|
일번지곱창|서울 동대문구 전농로4가길 12|매일 12:00 ~ 05:00|02-2243-7621|
대왕동태탕|서울 동대문구 답십리로66길 99 1층|영업시간 매일 06:00 ~ 21:00|02-2281-0678|
고대앞멸치국수|서울 동대문구 제기로 2|매일 10:00 ~ 02:00|02-928-9394|
청량리경양식|서울 동대문구 서울시립대로 64|월요일|02-2217-6912|
누쿠모리|서울 동대문구 천호대로83길 71-2|매일 17:00 ~ 03:00|02-2212-5959|
명륜진사갈비 서울장안점|서울 동대문구 답십리로 240|영업시간 매일 11:30 ~ 22:00|02-2212-1204|
달인군만두|서울 동대문구 전농로4길 1|||
빵쌤 경희대점|서울 동대문구 경희대로 4-1 1,2층|영업시간 매일 08:00 ~ 22:00|02-965-0202|
마포보쌈 본점|서울 동대문구 하정로3길 14||02-923-6366|
카페 헤이피|서울 동대문구 제기로2길 11 2층|영업시간 월~금 11:00 ~ 22:00|070-8733-3946|
삼성루|서울 동대문구 경희대로1가길 27|매일 00:00 ~ 24:00|02-969-1130|
라선생돈까스 서울시립대점|서울 동대문구 전농로 210-1||02-3394-5880|
전통춘천닭갈비|서울 동대문구 장한로28가길 1|영업시간 매일 11:00 ~ 22:00|02-3394-7386|
아리랑동가스|서울 동대문구 이문로28길 13|영업시간 월~토 11:00 ~ 21:00|02-3295-2897|
닭한마리|서울 동대문구 휘경로 4-6||02-965-8529|
광어두마리15000원|서울 동대문구 망우로 71 우림빌딩||02-2245-3570|
무교동미성낙지 장안본점|서울 동대문구 장한로12길 7 1층|영업시간 매일 11:00 ~ 22:00 · 브레이크타임 매일 16:00 ~ 17:00|02-2246-6061|
백리향|서울 동대문구 전농로16길 22 1층|영업시간 매일 10:00 ~ 20:20|02-2212-7400|
청년김밥|서울 동대문구 한빛로 4 청년김밥|영업시간 월~토 10:00 ~ 20:30 · 브레이크타임 월~토 15:00 ~ 16:00|02-953-8065|
투썸플레이스 장안동사거리점|서울 동대문구 답십리로 273 한양빌딩 1층|매일 08:00 ~ 23:00|02-2212-9027|
도미노피자 이문점|서울 동대문구 휘경로 5-1 2층|영업시간 매일 11:30 ~ 21:30|02-959-3127|
전국통일닭발|서울 동대문구 장한로6길 10|월~토 18:00 ~ 24:00|02-2246-4059|
왕도숯불갈비|서울 동대문구 약령시로 122||02-959-2522|
바른커피|서울 동대문구 천호대로81길 8 영풍빌딩 1층|영업시간 월~금 07:30 ~ 20:00|070-7720-1143|
대만선|서울 동대문구 하정로 45||02-929-7226|
돈주담|서울 동대문구 장한로 102||02-2215-1189|
포천메밀냉면|서울 동대문구 왕산로33길 23|||
별이빛나는항구|서울 동대문구 고미술로 12 미래빌딩 1층|매일 11:30 ~ 24:00|02-2212-2585|
큐큐면관 회기점|서울 동대문구 회기로 189 1층|영업시간 매일 11:30 ~ 22:00 · 브레이크타임 매일 15:00 ~ 17:00|02-957-7942|
강촌기사식당|서울 동대문구 한천로 165|매일 00:00 ~ 24:00|02-2215-1977|
홍두깨손칼국수 청량리점|서울 동대문구 왕산로 185 1층||02-957-7734|
오리명가|서울 동대문구 한천로24길 67||02-2243-1188|
착한초밥|서울 동대문구 왕산로 272||02-957-1219|
춘천냉면|서울 동대문구 왕산로37길 50|영업시간 매일 08:30 ~ 21:30|02-966-8194|
리진|서울 동대문구 전농로 105 2층|월요일||
한상차림코다리명가|서울 동대문구 사가정로 80|영업시간 매일 11:00 ~ 21:30 · 브레이크타임 월~금 15:30 ~ 16:30|02-2212-3333|
답십리별미원조|서울 동대문구 답십리로48길 98|영업시간 매일 11:00 ~ 21:00|02-2248-1419|
뚝배기양평해장국 장안직영점|서울 동대문구 장한로 51 1층|매일 00:00 ~ 24:00|02-2244-5540|
장안설렁탕|서울 동대문구 천호대로89길 3|영업시간 매일 11:00 ~ 20:30|02-2245-7077|
이조감자탕|서울 동대문구 망우로21길 24 1층|영업시간 월,화,목,금,토,일 09:00 ~ 21:30|02-2244-4740|
밍차이|서울 동대문구 장한로23길 21 장안동 근린생활시설 1층|영업시간 매일 11:00 ~ 21:00 · 브레이크타임 매일 15:00 ~ 16:00|02-3394-5557|
대명수산해물|서울 동대문구 장한로9길 8 1층|월~토 13:00 ~ 24:00|02-2246-3169|
진키친|서울 동대문구 회기로21길 8 1층|영업시간 매일 11:30 ~ 20:30 · 브레이크타임 매일 15:30 ~ 17:00|02-959-5531|
아산만민물장어|서울 동대문구 장한로 106|월요일|02-2248-7777|
광주집|서울 동대문구 제기로 69||02-3295-1128|
전주콩나물국밥|서울 동대문구 회기로 186 1층|매일 00:00 ~ 24:00|02-965-5565|
마구로준|서울 동대문구 회기로 132|월~토 16:00 ~ 24:00|02-966-4249|
금의환향 장안점|서울 동대문구 장한로13길 11-4 1층|영업시간 매일 11:00 ~ 22:00 · 브레이크타임 매일 14:00 ~ 17:00|0507-1346-0678|
장안우동집 본점|서울 동대문구 장한로 76 1층|월~토 00:00 ~ 24:00|02-2214-6114|
버거킹 동대문중학교사거리점|서울 동대문구 답십리로41길 33 1층|매일 09:00 ~ 24:00|070-7461-4716|
어흥식당 회기2호점|서울 동대문구 회기로13길 22 1층|영업시간 월~토 11:30 ~ 21:00 · 브레이크타임 월~토 15:00 ~ 17:00|02-964-1104|
카페베네 청량리역점|서울 동대문구 왕산로 224|매일 08:00 ~ 24:00|02-960-6232|
에이바우트커피 경희대점|서울 동대문구 경희대로3길 28 1층|영업시간 매일 07:30 ~ 22:00|02-966-2666|
어사출또 청량리점|서울 동대문구 왕산로 215 1층|매일 11:00 ~ 03:00|02-968-8828|
신설동그집돼지|서울 동대문구 왕산로 60 1층|매일 15:00 ~ 24:00|02-927-9792|
장안벌함흥냉면 본점|서울 동대문구 장한로 60 1층|영업시간 매일 10:30 ~ 22:00|02-6448-3896|
히노하루|서울 동대문구 이문로 45 1층||02-960-5969|
정영진허브영양족발|서울 동대문구 휘경로3길 11-2|매일 15:00 ~ 02:00|02-967-6295|
삼복한방닭한마리|서울 동대문구 회기로16길 5-1 1층|월요일|02-966-4843|
지노돈까스|서울 동대문구 제기로38길 13|영업시간 월,화,수,목,금,일 11:00 ~ 21:00|02-959-3189|
참숯민물장어구이|서울 동대문구 전농로 48||02-2242-9318|
박가족발 장안본점|서울 동대문구 장한로27가길 37 1단지 102동 상가동 104호||0507-1434-6672|
화덕고 외대앞본점|서울 동대문구 이문로 88-13 1층||02-959-5327|
자매양꼬치 장한평역점|서울 동대문구 천호대로85길 11 1층|매일 14:00 ~ 02:00|02-6405-6889|
써브웨이 신설동역점|서울 동대문구 왕산로 15-1 1층|영업시간 매일 08:00 ~ 22:00|02-928-0258|
병천아우내순대|서울 동대문구 전농로 101||02-2242-1533|
윤양식|서울 동대문구 망우로21길 29 1층|월요일|070-4616-7328|
투썸플레이스 용두아트리체점|서울 동대문구 청계천로 505 102호|영업시간 매일 08:00 ~ 22:00|02-2039-0788|
채선당 답십리점|서울 동대문구 사가정로 6|영업시간 매일 11:30 ~ 22:00|02-2242-2001|
고롱|서울 동대문구 신이문로 24 1층 102호|영업시간 매일 11:00 ~ 22:00|02-969-1225|
이문동그집 회기역직영점|서울 동대문구 회기로28길 14 1층|월요일|02-966-7891|
소문난 보배곱창|서울 동대문구 고산자로 539-1|월요일|02-963-7323|
하마쌀국수|서울 동대문구 회기로25길 17-9 1층 101호|영업시간 매일 11:30 ~ 21:00|010-2204-7915|
삼형제김밥 본점|서울 동대문구 전농로11길 65 1층|월요일||
대흥설농탕|서울 동대문구 한천로 60|영업시간 매일 06:00 ~ 21:00|02-2249-3939|
투썸플레이스 서울시립대점|서울 동대문구 전농로 214 2층|월~금 08:30 ~ 02:00|02-2212-3368|
스시고이|서울 동대문구 회기로 148-5 1층|영업시간 월~토 11:30 ~ 21:00 · 브레이크타임 월~토 14:00 ~ 17:30|02-6448-1688|
시그니쳐키친|서울 동대문구 제기로5길 31 크림슨하우스 1층|영업시간 월~금 11:00 ~ 15:00|02-927-1900|
참진한순대국|서울 동대문구 전농로 13|매일 00:00 ~ 24:00|02-2215-5989|
명가교동짬뽕 장한평역점|서울 동대문구 천호대로 421 1층|영업시간 매일 11:00 ~ 22:00|02-2247-5003|
강창구찹쌀진순대 회기점|서울 동대문구 이문로 54|월요일|02-968-6699|
